# State changes of a production machine over two years (17520 h); the log starts up at t = 0 and ends at 17520 h.
# The final sojourn (from the last event to 17520 h) is incomplete: the machine was still up when the log was exported.
# Generated by tools/make_course_data.py from engstoch.models.machine() (seed 2026). Columns: time_h, state.
time_h,state
0.0000,up
15.7011,degraded
16.1095,up
26.1456,degraded
26.1704,up
33.4170,degraded
34.0203,up
51.8303,degraded
52.2709,up
55.2241,down
57.1420,up
72.4191,degraded
72.5228,up
115.8981,degraded
116.2363,down
118.3487,up
119.3696,degraded
121.0248,up
123.9081,down
125.3065,up
143.0463,degraded
143.8932,up
171.8273,down
174.8697,up
184.0209,degraded
184.0565,up
191.1491,degraded
191.9768,up
202.2712,down
202.9666,up
211.8297,degraded
212.6078,down
213.4280,up
221.9190,degraded
222.3882,up
262.1584,degraded
263.8446,up
274.1345,degraded
274.2617,up
281.5094,down
283.8233,up
293.7617,degraded
294.8064,up
311.2540,degraded
314.7037,up
329.7557,degraded
331.8712,up
341.9731,down
342.7470,up
347.0462,degraded
347.9294,up
366.2707,degraded
366.7030,up
388.1338,degraded
389.8846,up
405.2246,down
406.2158,up
417.8559,degraded
418.0391,up
426.8862,down
426.9738,up
430.7594,degraded
430.7936,up
438.2152,degraded
438.6029,up
443.9920,degraded
444.5030,up
457.8956,degraded
458.9881,up
470.9559,down
472.5246,up
488.5575,degraded
488.7214,up
500.3374,down
503.5983,up
509.1673,degraded
509.1782,up
509.6559,degraded
510.0734,up
516.0199,degraded
516.2451,up
568.2530,degraded
568.3815,up
589.6984,degraded
589.7159,down
596.8720,up
615.3655,degraded
615.9281,up
633.1262,degraded
633.4053,down
635.2994,up
636.8694,degraded
637.2636,up
639.2346,degraded
639.7366,up
675.1467,down
675.3763,up
686.1386,degraded
686.1447,up
716.4240,degraded
718.4620,up
726.7693,down
727.5123,up
733.4565,degraded
733.5180,up
766.8047,down
766.9207,up
780.6031,down
780.8392,up
784.9499,degraded
785.2076,up
793.8873,degraded
794.0317,up
805.6125,degraded
806.1956,down
807.7954,up
822.2595,down
824.7491,up
830.7973,down
830.9276,up
837.9003,degraded
838.4946,up
845.3016,degraded
846.2022,down
847.4341,up
850.9551,degraded
851.4286,up
857.3569,down
859.4343,up
911.4061,degraded
911.4104,down
912.2670,up
916.8892,degraded
917.6865,up
923.9737,down
926.9011,up
937.2857,degraded
938.3635,up
944.4935,degraded
944.8614,up
950.4792,degraded
950.9914,up
981.9075,degraded
982.0500,up
985.6754,degraded
985.7044,up
992.5938,degraded
994.3126,up
1006.4196,down
1006.5183,up
1016.4301,degraded
1016.7319,up
1024.1094,degraded
1024.7430,down
1030.3054,up
1046.1975,down
1046.2499,up
1070.1334,degraded
1071.5934,up
1087.3825,down
1098.3359,up
1100.5814,degraded
1100.7783,down
1101.0461,up
1124.8564,down
1127.5592,up
1186.0629,down
1186.2104,up
1208.0244,down
1208.7620,up
1219.0301,down
1228.6103,up
1233.8683,down
1234.0902,up
1262.0430,degraded
1262.1825,up
1273.2181,down
1274.8958,up
1276.8547,down
1283.4037,up
1284.4138,degraded
1284.6391,up
1305.9708,degraded
1306.0612,up
1342.6989,down
1343.4430,up
1372.4762,degraded
1372.9014,up
1376.1806,degraded
1376.7585,up
1390.2481,degraded
1390.3784,up
1412.7501,down
1417.9846,up
1418.8707,degraded
1419.7726,up
1438.1444,degraded
1439.2009,up
1486.1331,down
1488.3767,up
1503.9194,degraded
1505.0144,up
1552.9066,degraded
1552.9641,up
1560.4344,down
1563.6768,up
1580.8151,degraded
1581.6835,up
1601.4238,degraded
1601.7009,up
1607.0194,degraded
1608.0481,up
1610.7803,down
1611.7262,up
1621.7859,degraded
1621.8639,up
1628.5260,down
1628.5872,up
1638.6316,degraded
1639.4181,up
1680.1928,degraded
1680.4539,up
1689.8786,down
1691.5571,up
1702.7718,down
1706.0458,up
1751.4950,degraded
1752.8687,up
1796.1655,degraded
1797.1807,down
1800.6286,up
1805.1232,degraded
1805.7378,down
1806.1668,up
1819.7139,degraded
1819.7229,up
1831.1661,down
1831.5849,up
1844.5965,down
1845.1759,up
1871.4020,degraded
1872.0403,up
1874.6336,degraded
1875.1072,down
1875.2186,up
1900.8443,degraded
1900.9669,down
1902.3485,up
1904.1417,degraded
1904.4316,up
1904.4430,degraded
1906.4180,up
1920.5903,down
1922.7290,up
1923.6796,degraded
1924.1427,up
1925.0343,degraded
1926.6938,down
1927.6332,up
1951.7073,degraded
1953.6291,up
1964.2096,degraded
1964.2979,up
1972.7725,down
1974.4839,up
1975.1019,down
1976.9549,up
2021.6959,degraded
2021.9718,up
2057.1481,degraded
2058.1320,up
2072.8530,degraded
2072.8904,up
2081.4282,degraded
2081.8614,down
2087.3403,up
2087.4984,degraded
2087.5341,down
2090.8326,up
2093.0609,down
2100.6745,up
2107.8359,degraded
2109.2985,up
2136.3579,degraded
2137.0840,up
2149.5442,down
2149.8152,up
2185.2256,degraded
2186.1332,up
2189.8040,degraded
2191.1631,up
2191.9067,down
2196.3387,up
2196.6565,down
2197.5432,up
2215.1701,degraded
2217.1291,up
2220.7414,degraded
2222.0828,up
2231.4307,degraded
2233.5644,down
2237.6198,up
2247.9997,down
2248.7670,up
2259.1039,degraded
2259.2137,up
2260.8948,degraded
2261.5389,up
2276.7498,degraded
2276.8225,up
2297.8862,down
2299.0982,up
2314.7488,down
2315.1646,up
2355.4446,degraded
2355.9359,up
2367.8948,degraded
2368.5000,up
2375.0606,down
2376.0185,up
2401.6709,down
2403.1608,up
2459.1965,degraded
2460.0590,down
2460.6649,up
2507.0279,degraded
2508.6510,up
2534.0168,degraded
2534.1829,up
2540.7332,down
2541.7293,up
2567.5599,degraded
2567.6751,up
2575.8067,down
2577.2434,up
2585.6798,degraded
2585.7165,up
2600.8211,degraded
2602.5780,up
2603.8861,degraded
2604.6087,up
2616.5255,down
2619.5958,up
2630.0673,degraded
2630.0976,up
2662.8975,degraded
2664.4417,up
2665.4914,degraded
2665.8689,up
2682.1820,degraded
2683.4508,up
2707.5445,degraded
2708.6620,up
2710.3894,degraded
2712.6704,up
2719.2706,down
2720.1636,up
2732.1885,degraded
2732.3381,down
2733.6708,up
2744.8200,degraded
2744.8288,up
2750.5362,down
2751.4957,up
2754.2058,degraded
2754.9131,down
2757.5064,up
2774.6628,degraded
2776.1244,up
2781.8181,degraded
2783.9267,up
2792.8975,down
2796.3912,up
2846.4609,down
2849.8533,up
2854.3530,degraded
2854.5424,up
2872.0641,degraded
2872.2207,up
2875.0111,degraded
2878.2603,up
2882.5759,degraded
2883.5260,up
2908.8657,degraded
2908.9169,up
2923.0781,degraded
2924.5789,down
2924.8256,up
2946.5997,degraded
2946.8991,down
2948.1713,up
2953.8210,down
2957.6340,up
2962.3081,down
2962.5858,up
2967.8603,degraded
2968.5975,down
2969.2444,up
2976.1336,degraded
2976.3148,up
2993.6604,degraded
2996.2927,up
3041.5351,degraded
3042.1156,up
3050.3679,degraded
3050.5738,up
3074.0637,down
3077.8850,up
3083.2876,degraded
3084.7971,up
3089.9589,degraded
3090.7125,up
3099.0300,down
3099.7897,up
3101.0013,degraded
3102.2670,up
3112.2104,degraded
3113.6975,up
3115.8963,degraded
3116.6075,up
3125.3124,degraded
3125.9364,up
3135.6679,down
3136.0194,up
3136.1455,down
3137.2664,up
3137.5685,degraded
3137.8516,up
3141.6751,down
3143.9751,up
3146.0520,down
3146.6912,up
3163.6092,degraded
3164.3014,up
3172.9113,degraded
3172.9642,down
3174.1051,up
3183.3418,degraded
3183.5808,up
3183.7314,degraded
3183.9856,up
3192.3302,degraded
3192.8760,up
3216.1588,down
3219.5240,up
3219.5492,down
3221.7040,up
3238.8944,down
3239.1905,up
3258.6233,degraded
3260.0077,up
3283.4056,degraded
3284.1926,up
3292.2651,degraded
3293.8659,up
3298.8652,degraded
3299.5713,up
3301.2475,degraded
3302.2157,up
3305.3702,down
3306.4383,up
3312.6269,down
3318.4811,up
3399.6407,degraded
3401.7789,up
3408.9413,degraded
3409.8151,up
3424.9684,degraded
3425.0604,up
3434.1231,degraded
3434.9513,down
3436.2305,up
3439.3712,down
3439.3975,up
3451.4729,degraded
3451.5917,up
3456.9968,degraded
3458.5768,up
3463.7235,degraded
3464.2906,down
3468.4483,up
3492.3848,degraded
3494.1027,up
3500.2443,degraded
3501.0946,up
3503.4597,degraded
3503.8005,up
3513.2680,degraded
3513.2767,up
3526.5058,degraded
3528.4507,up
3540.9409,degraded
3541.3523,up
3546.5315,degraded
3546.7491,up
3566.2098,down
3567.5882,up
3582.4538,degraded
3582.5196,up
3583.1321,degraded
3583.5573,down
3590.5174,up
3601.5040,down
3602.8776,up
3626.8106,degraded
3627.2740,up
3641.3425,degraded
3641.5850,up
3648.7292,degraded
3648.7742,up
3651.8724,degraded
3652.0591,up
3736.8907,down
3739.0631,up
3770.8987,degraded
3771.7943,up
3826.0063,degraded
3826.2285,up
3826.3973,down
3827.0377,up
3845.1510,degraded
3846.3246,up
3884.9526,degraded
3885.7216,up
3916.4523,degraded
3917.4663,up
3936.7770,down
3937.6658,up
3950.7422,down
3950.9968,up
3952.8870,down
3956.7774,up
3979.5169,degraded
3980.7208,down
3981.0712,up
3990.0481,down
3992.2428,up
4002.8582,down
4006.5267,up
4010.3291,degraded
4011.5254,up
4038.8175,degraded
4038.8301,up
4052.2461,down
4054.4165,up
4057.8973,down
4059.2597,up
4060.0878,degraded
4060.5374,up
4073.8183,down
4075.6907,up
4087.9556,degraded
4089.3436,up
4130.8072,degraded
4130.9516,up
4131.7125,degraded
4132.0987,up
4158.8902,degraded
4159.5326,up
4193.6612,down
4197.1455,up
4200.7225,degraded
4200.9816,up
4216.2483,degraded
4219.3554,up
4227.7480,degraded
4228.7986,down
4230.2952,up
4244.8051,down
4248.6413,up
4250.0935,degraded
4250.7317,up
4260.5542,down
4260.9364,up
4276.1149,degraded
4276.2387,up
4290.0557,down
4291.1233,up
4298.5268,degraded
4298.9666,up
4388.9013,degraded
4389.3359,up
4391.5560,degraded
4391.6588,up
4438.1195,degraded
4438.2001,up
4439.1783,degraded
4440.1586,up
4442.3242,degraded
4442.8419,up
4446.6829,down
4448.4026,up
4450.8853,degraded
4451.2809,down
4456.1665,up
4465.1977,degraded
4467.0813,up
4488.2306,degraded
4488.4662,up
4501.8645,degraded
4502.0428,up
4524.3562,down
4525.8564,up
4534.0539,degraded
4535.7859,up
4567.6310,degraded
4567.8808,up
4590.3816,degraded
4591.6056,up
4607.7880,down
4610.9822,up
4635.9509,degraded
4637.2935,up
4663.7073,down
4665.2791,up
4678.4661,degraded
4678.5080,up
4680.5967,down
4681.4594,up
4682.2143,degraded
4682.9041,up
4688.7831,down
4693.0992,up
4719.5360,degraded
4721.5866,down
4722.9003,up
4725.1492,degraded
4725.8431,up
4754.0280,down
4754.3015,up
4791.6129,degraded
4792.0211,up
4818.9280,down
4828.7681,up
4842.3578,down
4843.5302,up
4854.5086,degraded
4856.2771,up
4868.8929,degraded
4869.2556,up
4871.9745,degraded
4872.4253,down
4872.7064,up
4901.3710,degraded
4902.1717,up
4907.7780,down
4908.0819,up
4939.8636,degraded
4940.0475,up
4953.7520,degraded
4954.0905,up
5029.6334,degraded
5030.4308,down
5031.7768,up
5059.3181,degraded
5059.8855,up
5064.2222,degraded
5064.5402,up
5070.9584,degraded
5071.6308,up
5073.8343,degraded
5074.1077,up
5090.0144,down
5093.3331,up
5103.9901,degraded
5104.1882,up
5110.4953,degraded
5110.7080,up
5116.1040,degraded
5116.5974,up
5122.2364,degraded
5122.4485,up
5128.3493,down
5128.5064,up
5139.3881,down
5139.7715,up
5167.9769,down
5168.7268,up
5193.8090,degraded
5194.2145,down
5194.5127,up
5198.2179,degraded
5200.9506,up
5224.2578,down
5225.0914,up
5324.3767,degraded
5324.9391,up
5325.0843,degraded
5325.1183,up
5326.7573,down
5327.3222,up
5372.2234,degraded
5373.0479,up
5391.3332,down
5392.9559,up
5402.2476,degraded
5403.5241,up
5411.3925,degraded
5411.7419,up
5421.4108,down
5423.7243,up
5469.4490,down
5472.4745,up
5481.8777,degraded
5482.1608,up
5491.8263,degraded
5492.3073,up
5494.2029,down
5495.4961,up
5504.7804,down
5506.6418,up
5508.3806,degraded
5509.3606,up
5515.3850,degraded
5517.4744,up
5529.9358,degraded
5530.1120,up
5534.3013,degraded
5534.6111,up
5572.3899,degraded
5572.5234,up
5579.9471,degraded
5580.3759,up
5620.9612,degraded
5621.3950,up
5645.1531,degraded
5645.6755,up
5659.2973,degraded
5661.7288,up
5677.5546,degraded
5679.2102,up
5718.7563,degraded
5719.2494,up
5719.4864,degraded
5719.9723,up
5734.3315,degraded
5735.0099,up
5744.8037,down
5747.0444,up
5776.8798,down
5792.7351,up
5809.2454,down
5810.1059,up
5854.9645,degraded
5855.4817,up
5865.8038,degraded
5866.9809,up
5871.5610,down
5872.5896,up
5876.2446,down
5877.8081,up
5878.7193,degraded
5879.9641,up
5902.4449,degraded
5902.4655,up
5905.0203,degraded
5905.9297,up
5940.2332,down
5941.3188,up
5955.7316,degraded
5955.8644,down
5959.0867,up
5969.0761,degraded
5969.1269,up
5970.5158,degraded
5972.6051,down
5975.6456,up
5990.0349,degraded
5990.0615,up
6019.4112,degraded
6019.7390,up
6037.5619,down
6038.8102,up
6047.6728,down
6048.7193,up
6058.2888,down
6061.0515,up
6068.0406,degraded
6068.6231,up
6072.9861,down
6076.5937,up
6089.1977,degraded
6089.7901,up
6101.1176,degraded
6101.2780,up
6119.9760,degraded
6120.4193,up
6128.9555,degraded
6130.0050,up
6130.8384,degraded
6130.9119,up
6134.6736,degraded
6134.6932,up
6152.4593,down
6159.4540,up
6164.8666,degraded
6166.6633,up
6168.0100,down
6171.0182,up
6172.0558,down
6173.4284,up
6176.7770,degraded
6177.6182,down
6178.3622,up
6180.0268,degraded
6180.2876,up
6199.6751,degraded
6200.1634,down
6200.7843,up
6203.9884,degraded
6204.1640,up
6241.5078,degraded
6242.3416,up
6253.0950,degraded
6253.5578,up
6254.2286,degraded
6254.2662,up
6255.7059,degraded
6256.9114,up
6259.1093,degraded
6259.2463,up
6269.3129,down
6274.2066,up
6276.2222,degraded
6277.0819,up
6307.3119,degraded
6308.2767,up
6344.3896,degraded
6344.5322,up
6378.5401,degraded
6379.2965,up
6407.1183,degraded
6407.5703,up
6419.4353,degraded
6419.4362,up
6427.5050,degraded
6427.7141,up
6449.9616,degraded
6450.8818,down
6453.6252,up
6487.8384,degraded
6489.6885,up
6511.6098,degraded
6512.6260,up
6513.6932,degraded
6513.9170,up
6537.7768,down
6543.5355,up
6556.6929,degraded
6557.7459,up
6558.5638,degraded
6559.4760,up
6564.6256,down
6567.8478,up
6577.6518,degraded
6578.0641,up
6581.7618,degraded
6582.2804,up
6585.5361,degraded
6585.5520,up
6592.6287,degraded
6595.4642,up
6620.7292,degraded
6621.5636,down
6623.7069,up
6637.3016,degraded
6637.5063,up
6649.0309,degraded
6649.0848,up
6675.2926,degraded
6675.6384,up
6677.4233,degraded
6678.4986,up
6683.8587,down
6686.2124,up
6694.6384,down
6694.6889,up
6695.4432,degraded
6695.6061,up
6711.1236,degraded
6713.2908,up
6727.5494,degraded
6727.6960,up
6735.5473,degraded
6736.1490,up
6742.5801,degraded
6743.2412,up
6745.6499,down
6754.1314,up
6755.4014,down
6755.4582,up
6756.9128,degraded
6759.3412,up
6761.3043,down
6765.0878,up
6774.7435,down
6775.5763,up
6801.7120,down
6803.3274,up
6819.4599,degraded
6819.5610,up
6837.2470,degraded
6839.1096,up
6862.5283,degraded
6862.8753,down
6863.9996,up
6864.6159,degraded
6865.0648,up
6890.8037,degraded
6890.8103,down
6894.2976,up
6898.3071,degraded
6899.8987,up
6924.4814,degraded
6924.7815,up
6935.6271,down
6940.9063,up
6946.2175,degraded
6946.6075,down
6947.1215,up
6953.1650,down
6953.1769,up
6955.9795,degraded
6956.0020,up
6978.8690,degraded
6979.8747,up
7018.7918,degraded
7019.8498,up
7059.7587,degraded
7060.4377,up
7074.1106,degraded
7075.1747,up
7083.7398,degraded
7086.1740,up
7090.4677,down
7092.6680,up
7106.4625,degraded
7106.8136,down
7113.3847,up
7117.3057,degraded
7118.5632,up
7120.4301,down
7124.6546,up
7160.0485,degraded
7160.9047,up
7179.0496,degraded
7180.0263,up
7193.9288,degraded
7193.9442,up
7228.7574,down
7230.6404,up
7231.4353,down
7232.0881,up
7237.2622,degraded
7237.4125,up
7241.8133,down
7244.0148,up
7269.6607,degraded
7269.9735,down
7278.0201,up
7305.1094,degraded
7305.6571,up
7320.7259,degraded
7322.4869,up
7334.5372,degraded
7337.7659,up
7340.1652,degraded
7343.0582,up
7360.5591,degraded
7362.9394,up
7371.5053,degraded
7372.6817,up
7385.2320,degraded
7387.0222,up
7415.3718,degraded
7417.2114,up
7429.0954,degraded
7429.4902,up
7430.7987,down
7432.4747,up
7434.6327,down
7437.3087,up
7445.3625,degraded
7445.7896,up
7455.2593,down
7457.2173,up
7490.6503,degraded
7490.6830,down
7495.0703,up
7518.9856,down
7526.8632,up
7534.6455,degraded
7534.9253,up
7544.4123,degraded
7544.5332,up
7561.0463,degraded
7561.2282,up
7561.8928,degraded
7563.3300,up
7587.4440,down
7591.6001,up
7593.0747,degraded
7593.9369,up
7609.5132,degraded
7609.5923,up
7610.6989,degraded
7610.7190,up
7623.9051,down
7626.3985,up
7646.8855,degraded
7647.6077,up
7662.3771,down
7663.0765,up
7689.6737,degraded
7690.0130,up
7694.5336,degraded
7694.7821,down
7698.7022,up
7702.4789,down
7706.0441,up
7728.7026,down
7730.1850,up
7730.6267,down
7730.7032,up
7761.9187,degraded
7762.0739,down
7764.5550,up
7781.1228,degraded
7781.2904,up
7784.3498,degraded
7784.9350,up
7792.3816,degraded
7793.1767,up
7800.8939,down
7802.8811,up
7829.6035,down
7832.9814,up
7862.0924,down
7868.2806,up
7881.7992,down
7883.1809,up
7885.8850,degraded
7886.9713,down
7888.9480,up
7902.4999,down
7902.5335,up
7904.2590,down
7906.6373,up
7915.7793,degraded
7916.0663,up
7937.9454,degraded
7938.7973,up
7974.8114,degraded
7974.8303,up
8049.8812,down
8052.4379,up
8065.9611,degraded
8066.8311,up
8069.2840,down
8071.2496,up
8074.3320,degraded
8075.9538,down
8078.8853,up
8078.9810,degraded
8079.2208,up
8088.9473,down
8089.0926,up
8110.5571,degraded
8110.9170,up
8110.9505,degraded
8110.9809,up
8118.5563,degraded
8120.3774,up
8129.9282,degraded
8130.1162,down
8130.5450,up
8139.2057,down
8141.0725,up
8160.0516,degraded
8161.3325,up
8174.0645,degraded
8175.4701,up
8180.2965,degraded
8180.6898,up
8187.4288,degraded
8187.9337,up
8201.2526,down
8201.5544,up
8221.4886,degraded
8221.7647,down
8223.6345,up
8227.6085,degraded
8230.1182,down
8233.5636,up
8250.7058,degraded
8251.5404,up
8259.6252,degraded
8259.9585,down
8260.2325,up
8304.4133,degraded
8304.8616,up
8321.6448,degraded
8323.4349,up
8345.3485,degraded
8346.6001,up
8385.3556,degraded
8386.7424,up
8400.9182,degraded
8401.8142,down
8403.3667,up
8426.4260,down
8428.4689,up
8432.1482,degraded
8433.5826,up
8467.6439,degraded
8467.8910,up
8504.5042,down
8509.2663,up
8511.2690,degraded
8514.3229,up
8547.3619,degraded
8550.1404,down
8551.7493,up
8564.5127,down
8565.2223,up
8574.7946,degraded
8575.6988,up
8577.7457,degraded
8578.5640,up
8611.0499,down
8613.0656,up
8616.8652,degraded
8616.9163,up
8631.5788,degraded
8633.3925,down
8635.5603,up
8675.4964,degraded
8678.7812,up
8680.1373,degraded
8681.3414,down
8681.5816,up
8684.9776,down
8685.1431,up
8693.4783,degraded
8695.2716,up
8709.3051,degraded
8709.6726,up
8725.1985,degraded
8727.1541,up
8729.8547,degraded
8730.1859,up
8730.2679,degraded
8733.2102,up
8736.7021,down
8737.1374,up
8753.1283,down
8754.6680,up
8762.8261,degraded
8764.0995,up
8768.3654,degraded
8769.5174,up
8776.6473,degraded
8776.7289,down
8777.0224,up
8778.4011,degraded
8778.7044,up
8797.5584,degraded
8797.7520,down
8797.8587,up
8808.7558,degraded
8809.4083,up
8812.5955,down
8814.8364,up
8817.4839,degraded
8817.6298,up
8823.1589,degraded
8824.4892,up
8827.3534,degraded
8828.9072,up
8857.1928,down
8862.9456,up
8870.2018,degraded
8870.3212,up
8870.7261,degraded
8871.7973,up
8871.9229,degraded
8871.9615,up
8894.7986,degraded
8894.9625,up
8951.8856,degraded
8953.3531,up
8961.3212,degraded
8961.4086,up
8965.7493,down
8971.7900,up
8974.7963,down
8976.6843,up
8984.5835,down
8990.3065,up
9012.3184,degraded
9013.3255,up
9019.1343,degraded
9019.8628,up
9027.7282,degraded
9031.9191,down
9033.5645,up
9035.2955,degraded
9035.4177,up
9047.5561,degraded
9047.5774,up
9066.7557,degraded
9066.9637,down
9070.2678,up
9083.6448,degraded
9084.0805,up
9085.5241,degraded
9086.0092,up
9101.3499,degraded
9101.8322,up
9111.8836,down
9112.1945,up
9114.1514,down
9114.7376,up
9118.2843,degraded
9119.4351,up
9122.8893,degraded
9123.9115,down
9126.2221,up
9155.0277,down
9158.4072,up
9175.2617,degraded
9175.8616,down
9179.8268,up
9209.6739,degraded
9209.8185,up
9232.0951,degraded
9232.3861,up
9232.6766,degraded
9233.7147,up
9246.3348,degraded
9247.2930,up
9247.8264,down
9250.7879,up
9252.3145,down
9252.7219,up
9271.5468,degraded
9271.9586,up
9276.8207,degraded
9278.2328,up
9293.4146,down
9295.8386,up
9296.7605,degraded
9299.8763,up
9350.8320,degraded
9350.8878,up
9358.7317,degraded
9359.9359,up
9370.6187,degraded
9371.1185,up
9372.6058,degraded
9373.1921,up
9380.1739,degraded
9381.3887,up
9383.0315,down
9383.4420,up
9399.4197,down
9400.8149,up
9411.8845,down
9416.9053,up
9430.6268,degraded
9430.9196,up
9449.8116,degraded
9449.8822,up
9469.6018,degraded
9469.9972,up
9475.3839,down
9478.5202,up
9510.3483,degraded
9510.9292,up
9511.2639,degraded
9512.2642,down
9513.0570,up
9543.6336,down
9545.8249,up
9572.5866,degraded
9572.8330,up
9574.5115,down
9575.3330,up
9592.1528,degraded
9592.9717,up
9606.9685,degraded
9607.2153,up
9610.3614,down
9610.6403,up
9628.5307,degraded
9629.6730,up
9641.6856,degraded
9641.8690,up
9657.8244,down
9662.1670,up
9670.9513,down
9676.8641,up
9691.5604,degraded
9693.1871,up
9697.8790,degraded
9698.7644,up
9719.6072,degraded
9719.9161,up
9751.0025,down
9753.6466,up
9794.3769,degraded
9794.3967,up
9805.3074,degraded
9806.6994,up
9814.2030,degraded
9814.3571,up
9820.5264,down
9823.2113,up
9827.5800,degraded
9827.8547,up
9830.2512,down
9832.5396,up
9832.6653,degraded
9833.1756,down
9834.2871,up
9860.8031,degraded
9862.7244,up
9867.5962,degraded
9867.7153,down
9875.3064,up
9887.2242,degraded
9890.4837,down
9890.6738,up
9891.1469,down
9896.7350,up
9897.5909,degraded
9898.6595,up
9930.2459,degraded
9931.1839,down
9935.4934,up
9947.4755,degraded
9948.7910,up
9950.0671,degraded
9950.8097,up
9973.5817,degraded
9973.9664,up
9976.8735,degraded
9977.4264,up
10019.3582,degraded
10019.9528,up
10028.8015,degraded
10029.2629,up
10067.9538,degraded
10069.0495,up
10082.8446,degraded
10084.2966,up
10087.7414,degraded
10088.2081,up
10101.9898,degraded
10102.8023,up
10151.6510,degraded
10152.9111,up
10154.9443,degraded
10155.4498,up
10170.0082,down
10171.7401,up
10173.1286,degraded
10173.9512,down
10175.2030,up
10197.7515,degraded
10198.0745,up
10207.5702,down
10208.0965,up
10208.1572,down
10209.1843,up
10217.3169,down
10217.7862,up
10219.9163,degraded
10220.0305,down
10221.0315,up
10237.0603,degraded
10238.6992,up
10261.5752,down
10262.6666,up
10263.3808,down
10265.1310,up
10290.0298,down
10295.2242,up
10311.4321,degraded
10311.9464,up
10318.4428,degraded
10318.8636,up
10326.1809,down
10326.5405,up
10326.5561,degraded
10326.5632,up
10327.4339,degraded
10329.8159,up
10337.6856,degraded
10338.0728,up
10338.8868,down
10339.7445,up
10356.8563,down
10356.9496,up
10360.5260,degraded
10360.5387,up
10364.4186,down
10364.7338,up
10393.5763,degraded
10393.9285,down
10394.3280,up
10395.6446,down
10397.5163,up
10406.7559,down
10408.1177,up
10411.9631,down
10413.4480,up
10427.0116,down
10427.4200,up
10447.9650,degraded
10448.1195,down
10448.7370,up
10455.7496,down
10456.5128,up
10469.7361,degraded
10469.8704,down
10472.7073,up
10495.4286,down
10497.8723,up
10507.6322,degraded
10508.0714,up
10516.7469,degraded
10516.8387,up
10527.9537,degraded
10528.9904,up
10542.7999,degraded
10542.8107,up
10550.5014,degraded
10551.7392,up
10607.9524,degraded
10608.6700,up
10624.1972,degraded
10624.6507,down
10626.8250,up
10632.9186,down
10633.4813,up
10652.6414,degraded
10653.3297,up
10687.6461,degraded
10689.0546,up
10702.3555,degraded
10702.5018,up
10711.6843,degraded
10712.5925,up
10719.6587,degraded
10719.8411,down
10719.9602,up
10738.7994,degraded
10738.8316,up
10744.8333,down
10750.3654,up
10753.0484,degraded
10753.3697,up
10767.3103,degraded
10768.1796,up
10780.6655,down
10781.0387,up
10794.1300,degraded
10794.2118,up
10797.4283,degraded
10798.4740,up
10800.8027,degraded
10800.9608,up
10823.4575,degraded
10824.0226,up
10825.5622,degraded
10826.5424,down
10826.6122,up
10850.3628,down
10853.7284,up
10880.0149,degraded
10880.1667,up
10895.6871,down
10899.2562,up
10932.8870,down
10934.7024,up
10955.7567,degraded
10955.8297,down
10955.9699,up
10963.3145,degraded
10963.4608,down
10964.3121,up
10971.3010,degraded
10974.5179,up
10981.6668,degraded
10981.8745,up
10994.0865,degraded
10995.4956,up
11005.8247,degraded
11006.0304,up
11009.6069,degraded
11010.0085,down
11010.8856,up
11017.9586,degraded
11018.0466,up
11019.3472,degraded
11019.5865,up
11021.9109,degraded
11023.3154,up
11034.7621,degraded
11035.0482,up
11055.9842,down
11059.6243,up
11088.9065,down
11090.4831,up
11111.1179,degraded
11111.4077,up
11116.5535,degraded
11116.6561,down
11121.1466,up
11121.6169,degraded
11123.2319,down
11127.5828,up
11156.7212,degraded
11157.5583,up
11181.9206,degraded
11182.0957,up
11186.2393,down
11194.7986,up
11235.8397,degraded
11235.9324,up
11243.8390,degraded
11244.3471,down
11245.3067,up
11293.8921,degraded
11294.2441,up
11315.7117,degraded
11316.4481,down
11317.2531,up
11325.6553,down
11326.8446,up
11332.5582,down
11332.6622,up
11347.7120,down
11348.4838,up
11348.5139,degraded
11348.9341,up
11372.7833,degraded
11373.7355,up
11434.3791,down
11435.8829,up
11446.3731,degraded
11446.4006,up
11450.5210,degraded
11450.5907,down
11454.8993,up
11458.1021,degraded
11459.4349,up
11474.3584,degraded
11475.0212,up
11487.4256,degraded
11487.9292,up
11488.9954,down
11489.9636,up
11506.0337,degraded
11507.4037,up
11554.0355,degraded
11554.0926,up
11566.0869,degraded
11566.3608,down
11567.9401,up
11570.7097,down
11576.5911,up
11591.2043,degraded
11591.8633,up
11599.4134,down
11604.3219,up
11610.2984,degraded
11610.6225,down
11611.5753,up
11612.8526,degraded
11614.0703,up
11618.0972,degraded
11618.4656,up
11619.4038,down
11620.0419,up
11651.8973,degraded
11654.3985,up
11662.4630,down
11662.5912,up
11672.2082,down
11672.9435,up
11674.6146,down
11681.9968,up
11682.3474,degraded
11683.2191,up
11684.0020,degraded
11684.1962,up
11688.2232,down
11688.3394,up
11706.8528,degraded
11707.6688,up
11756.7779,degraded
11756.7890,up
11771.4464,down
11771.4636,up
11772.1404,degraded
11773.2104,up
11786.3820,degraded
11787.0219,up
11800.8907,degraded
11801.1450,up
11818.5016,degraded
11818.8368,up
11826.2796,down
11828.3026,up
11830.9299,degraded
11832.2493,up
11840.4405,degraded
11841.0275,up
11844.8462,degraded
11846.2301,up
11876.6927,down
11877.2163,up
11879.7339,degraded
11880.0520,up
11889.6924,degraded
11891.1154,up
11893.6562,degraded
11894.6629,down
11896.2955,up
11897.3056,degraded
11898.5078,down
11899.3182,up
11913.4056,degraded
11913.5533,up
11932.5716,down
11932.8027,up
11951.0446,down
11953.7385,up
11971.6968,down
11975.3836,up
11986.6400,degraded
11986.8867,up
11989.0606,degraded
11989.2406,up
12000.4740,degraded
12001.3328,up
12004.4663,down
12004.7258,up
12004.7577,degraded
12007.4905,up
12034.3987,down
12035.6882,up
12051.1448,degraded
12051.7435,up
12056.1867,degraded
12057.2025,up
12081.8304,degraded
12082.9840,up
12086.0731,down
12086.6702,up
12096.0971,degraded
12097.8332,up
12107.8027,degraded
12108.6872,up
12108.7830,down
12108.8288,up
12119.7922,degraded
12120.0942,up
12123.2271,degraded
12123.2994,up
12126.4566,down
12130.6878,up
12132.8931,degraded
12133.1355,up
12212.0294,degraded
12213.5487,down
12217.9103,up
12220.3040,degraded
12222.5840,up
12222.8285,degraded
12223.2572,up
12232.5635,degraded
12232.9997,up
12233.7576,degraded
12234.3508,up
12239.8946,down
12241.2335,up
12242.3447,degraded
12242.3857,up
12252.2642,down
12258.8070,up
12278.5626,down
12279.9614,up
12288.6975,degraded
12288.9270,up
12289.1675,down
12289.4229,up
12309.2511,down
12311.9130,up
12325.1776,degraded
12325.6240,up
12331.1023,degraded
12331.6258,up
12348.2089,down
12349.2047,up
12369.5976,degraded
12370.0390,up
12396.6621,degraded
12396.8325,up
12402.1266,degraded
12402.6001,up
12478.2919,degraded
12481.7975,up
12489.9370,degraded
12490.0885,up
12504.8446,degraded
12505.3714,up
12506.3701,degraded
12507.3553,up
12512.1683,degraded
12512.2611,down
12514.5650,up
12539.8328,degraded
12541.9320,up
12556.5660,degraded
12556.8750,up
12565.9096,degraded
12566.2264,up
12604.8596,degraded
12605.2739,down
12605.9667,up
12609.8529,down
12613.3234,up
12639.3501,degraded
12639.6003,up
12643.5933,degraded
12644.2519,up
12657.8496,degraded
12658.7880,up
12674.9642,degraded
12676.4352,up
12723.1484,degraded
12723.7960,down
12724.9930,up
12733.5905,degraded
12733.9827,up
12740.7789,down
12742.2366,up
12755.3948,down
12755.4971,up
12762.1935,degraded
12763.6533,up
12765.7592,degraded
12765.9597,up
12783.6372,degraded
12784.4579,up
12801.6705,degraded
12801.7670,up
12814.3256,down
12814.7946,up
12821.7275,degraded
12821.8389,up
12824.2336,degraded
12824.5301,down
12824.8677,up
12833.3682,degraded
12834.1848,up
12876.8506,degraded
12877.0052,down
12877.0329,up
12889.7480,degraded
12890.6243,up
12915.3976,degraded
12915.5594,up
12940.9139,down
12942.4533,up
12962.1407,degraded
12962.2539,up
12985.9090,down
12991.1841,up
13019.1341,degraded
13022.1129,up
13027.7358,degraded
13028.0603,up
13037.2448,degraded
13037.5084,up
13038.3212,degraded
13038.4169,down
13040.4744,up
13086.7225,down
13092.7780,up
13109.5989,degraded
13109.8914,up
13166.8120,down
13167.5339,up
13181.0475,down
13181.1063,up
13207.8345,down
13209.8436,up
13235.6946,degraded
13236.6581,up
13236.8410,degraded
13237.1525,up
13237.9329,down
13238.9807,up
13250.1841,down
13253.4787,up
13253.7195,down
13256.1566,up
13256.6858,degraded
13256.7094,up
13320.0673,down
13320.2548,up
13321.0766,down
13330.1288,up
13331.6418,degraded
13332.1498,up
13337.2470,down
13338.2312,up
13341.0097,degraded
13342.0300,up
13353.6871,degraded
13353.8819,up
13363.6196,down
13367.2543,up
13384.2041,degraded
13384.6026,down
13388.2024,up
13389.2479,degraded
13389.3489,up
13397.8726,degraded
13399.1026,up
13406.5601,degraded
13407.9632,up
13417.6458,degraded
13417.9531,up
13429.9142,degraded
13429.9763,up
13435.3984,down
13436.6078,up
13436.7438,degraded
13436.7995,up
13447.4246,degraded
13448.1931,up
13461.3822,degraded
13462.4152,up
13469.9549,degraded
13471.0704,up
13487.1843,degraded
13489.2890,up
13527.9900,degraded
13528.2396,down
13528.8472,up
13542.9026,down
13547.1565,up
13560.1115,degraded
13561.4797,up
13576.3304,degraded
13576.9743,up
13579.9575,down
13580.1379,up
13596.2294,degraded
13596.2334,up
13608.8327,down
13609.3371,up
13623.2621,degraded
13624.4736,up
13651.7131,degraded
13654.0004,up
13680.3018,degraded
13680.9369,up
13684.6450,degraded
13684.8608,up
13687.5039,degraded
13687.8488,up
13688.0857,degraded
13688.1318,up
13720.0864,down
13720.3570,up
13725.5593,degraded
13725.8580,up
13726.6168,degraded
13726.6506,up
13747.8537,down
13749.4626,up
13771.8841,degraded
13771.9699,up
13783.9824,degraded
13784.4320,up
13785.1788,degraded
13785.5815,up
13792.9386,degraded
13793.7448,up
13805.0820,degraded
13806.8408,up
13813.7879,degraded
13814.8379,up
13844.9222,down
13846.4787,up
13856.8143,degraded
13856.8526,up
13868.1148,degraded
13868.5912,up
13879.5215,degraded
13880.1091,down
13881.1061,up
13889.1407,degraded
13892.3893,up
13907.9606,down
13908.3114,up
13956.0789,degraded
13960.3211,up
13965.5729,down
13966.6039,up
13992.4057,degraded
13992.9288,up
13994.8946,degraded
13995.0333,up
14001.3180,degraded
14002.4176,up
14006.7342,down
14006.8410,up
14022.5895,degraded
14022.6163,down
14022.9593,up
14025.8854,degraded
14026.5816,up
14038.6939,degraded
14039.2338,up
14041.3324,degraded
14041.4016,up
14046.7087,down
14047.1683,up
14047.8158,degraded
14048.2687,up
14055.1763,down
14056.2028,up
14065.3596,degraded
14065.3954,up
14074.1416,degraded
14075.6371,up
14108.1782,down
14114.0134,up
14173.8736,degraded
14175.6344,up
14198.1248,down
14210.0131,up
14257.0399,down
14259.3189,up
14271.5010,degraded
14271.6116,up
14336.1581,degraded
14336.2219,up
14350.7577,down
14356.2482,up
14370.2612,degraded
14371.5017,up
14371.6116,down
14372.0254,up
14410.4514,degraded
14411.1422,up
14411.5037,degraded
14411.6213,up
14429.1832,down
14430.0341,up
14447.9856,degraded
14451.4799,down
14451.9887,up
14458.5278,degraded
14460.1779,down
14461.9450,up
14478.0406,degraded
14478.5613,up
14530.0361,down
14531.5106,up
14532.6397,down
14533.9233,up
14537.6071,down
14538.4909,up
14551.7768,down
14552.6690,up
14619.9091,degraded
14620.3386,down
14622.3108,up
14628.2138,degraded
14628.3192,up
14629.4977,degraded
14629.5823,down
14629.6556,up
14647.5989,degraded
14648.1776,down
14652.7572,up
14666.5151,degraded
14666.7064,up
14671.6719,degraded
14671.8476,up
14676.4218,degraded
14676.5861,down
14677.6808,up
14690.6583,degraded
14691.6626,down
14693.7554,up
14708.2356,degraded
14709.3398,up
14719.9814,down
14721.6330,up
14750.6597,degraded
14750.9494,up
14771.6759,degraded
14771.8833,up
14775.0909,degraded
14778.1705,up
14817.0895,degraded
14817.5381,up
14819.8416,degraded
14822.2916,up
14823.7118,degraded
14824.0268,down
14826.0749,up
14828.2814,degraded
14829.7216,up
14843.5373,degraded
14843.8011,up
14855.4033,degraded
14856.5204,up
14860.8968,degraded
14861.0735,up
14880.7325,degraded
14881.7675,up
14889.0866,degraded
14893.2498,up
14905.8847,degraded
14906.1794,up
14916.1638,degraded
14917.8719,up
14933.0264,down
14933.0644,up
14947.7995,degraded
14948.4596,up
14964.2045,degraded
14969.3004,up
14982.0254,down
14982.1675,up
15008.8829,down
15012.3509,up
15015.2915,down
15017.9567,up
15056.3258,degraded
15057.5705,up
15079.2470,degraded
15079.3779,up
15123.1393,down
15125.4557,up
15126.5981,degraded
15126.7528,up
15146.2455,down
15151.2607,up
15152.1225,down
15154.0082,up
15170.4716,down
15172.0424,up
15177.7000,down
15178.7163,up
15179.0951,degraded
15180.6090,up
15185.4260,down
15190.3591,up
15199.9578,down
15203.0522,up
15275.8331,down
15283.0385,up
15286.2193,degraded
15286.7336,up
15305.5261,degraded
15305.6681,up
15323.3624,degraded
15324.0512,up
15343.9995,degraded
15344.6842,down
15347.6860,up
15366.8829,degraded
15369.6248,up
15379.3709,down
15381.2260,up
15391.4308,degraded
15391.9801,up
15397.9572,down
15398.5344,up
15431.2839,degraded
15431.6309,up
15463.8601,degraded
15463.9063,up
15471.8744,down
15479.5193,up
15483.2556,degraded
15483.9917,up
15490.9294,degraded
15490.9870,up
15502.3324,degraded
15502.7701,up
15504.5845,degraded
15504.7972,up
15510.6168,degraded
15510.6860,down
15516.0578,up
15523.4955,degraded
15523.5569,up
15525.2372,down
15525.7119,up
15537.6403,degraded
15537.6416,up
15551.9460,degraded
15552.0926,up
15568.7264,degraded
15569.2073,up
15587.4583,degraded
15587.6914,up
15616.2124,down
15617.5544,up
15646.2534,down
15646.8515,up
15652.8959,down
15654.5991,up
15693.8971,degraded
15694.0647,up
15710.2027,degraded
15710.7741,up
15711.0329,degraded
15711.6762,up
15726.3658,degraded
15726.4716,down
15727.2358,up
15740.4736,down
15741.5211,up
15745.0607,down
15748.0678,up
15785.7158,down
15786.2441,up
15792.4984,degraded
15793.2506,up
15794.6106,down
15794.7543,up
15813.3420,down
15814.8182,up
15841.3609,degraded
15841.7164,up
15844.6929,degraded
15846.2354,up
15847.6441,degraded
15849.0376,up
15867.8726,degraded
15869.5560,down
15870.5462,up
15923.1612,down
15926.0029,up
15932.1278,degraded
15932.8556,up
15942.4918,degraded
15944.3748,up
15950.1177,degraded
15951.7240,up
15997.9346,degraded
15997.9683,up
16006.2263,degraded
16006.6508,up
16009.2875,degraded
16009.4088,down
16012.8988,up
16019.9427,down
16025.9159,up
16040.9646,degraded
16043.5574,up
16072.8640,degraded
16074.7025,up
16078.9464,degraded
16079.0484,up
16079.5646,down
16079.6724,up
16083.1453,degraded
16083.3257,up
16097.5286,degraded
16098.0929,up
16114.8620,down
16118.1949,up
16118.6737,degraded
16119.5304,up
16128.8188,degraded
16129.3405,up
16144.1665,down
16145.1089,up
16217.6923,degraded
16223.2389,up
16227.6420,degraded
16227.6839,up
16235.5935,down
16238.7864,up
16244.6560,degraded
16245.2006,up
16267.5381,degraded
16268.7055,up
16274.5774,degraded
16275.6750,up
16276.8222,degraded
16276.9543,up
16301.7623,degraded
16301.8095,up
16311.6433,down
16314.0514,up
16342.1665,degraded
16342.3778,down
16343.4684,up
16359.7028,degraded
16359.9534,up
16369.6771,degraded
16370.8394,up
16391.4011,degraded
16395.6838,up
16405.3829,down
16415.1951,up
16421.0629,degraded
16422.0247,down
16423.2355,up
16430.0949,down
16431.5217,up
16469.0317,down
16469.2831,up
16501.8074,degraded
16502.0820,up
16541.9853,down
16545.7740,up
16549.9598,degraded
16551.5127,up
16559.4695,down
16562.8062,up
16619.1283,degraded
16619.5533,up
16637.0494,down
16641.4918,up
16642.9615,degraded
16643.0511,up
16720.6954,degraded
16721.0773,up
16730.8710,degraded
16731.4384,down
16732.8848,up
16743.4926,degraded
16746.7420,up
16752.0656,down
16758.0753,up
16761.1289,degraded
16761.8019,up
16765.2111,degraded
16765.7899,up
16768.0101,degraded
16768.1106,up
16768.3675,degraded
16768.4564,up
16771.5642,degraded
16771.6365,down
16774.4638,up
16796.8777,degraded
16796.9930,up
16797.7772,down
16800.5731,up
16804.6047,degraded
16805.0557,up
16818.5443,down
16818.7952,up
16841.9750,degraded
16843.3572,up
16911.1193,down
16912.4060,up
16916.8180,degraded
16917.7170,up
16929.4795,degraded
16929.8672,down
16934.1399,up
16940.4287,degraded
16941.4399,up
16949.0572,down
16950.3330,up
16950.8058,degraded
16950.8608,up
16969.7400,down
16971.2544,up
16989.6849,degraded
16989.7003,up
16992.2595,down
16992.9538,up
16996.3121,degraded
16997.7008,up
17003.9852,degraded
17004.5366,up
17007.3140,degraded
17008.0697,down
17009.7986,up
17034.9902,down
17041.7687,up
17049.6887,degraded
17050.0204,up
17054.3700,degraded
17054.8761,up
17058.8481,degraded
17058.9160,up
17069.2831,degraded
17069.9530,up
17080.6145,down
17083.3887,up
17114.1098,down
17118.5378,up
17161.8841,degraded
17161.9424,down
17165.3184,up
17177.9749,degraded
17178.2253,up
17179.7682,degraded
17180.2134,up
17180.9261,degraded
17180.9394,up
17186.3633,degraded
17187.4022,up
17190.2132,degraded
17191.1193,up
17244.2854,degraded
17244.7434,up
17252.3427,degraded
17252.4612,up
17341.3296,degraded
17341.5513,up
17349.7416,degraded
17349.9110,up
17354.0062,degraded
17355.1963,up
17358.4882,degraded
17358.4931,up
17374.2216,degraded
17374.3100,up
17378.0678,degraded
17380.7030,down
17383.6041,up
17422.5501,degraded
17423.2315,up
17425.1148,down
17427.0904,up
17453.8180,down
17458.2624,up
17470.5468,degraded
17470.9418,up
17477.5223,degraded
17477.6772,down
17478.6346,up
17494.5066,down
17495.8248,up
