# Daily rain indicator at a station over ten years of 365 days (1 = wet day, at least 1 mm).
# Generated by tools/make_course_data.py from a two-state chain with seasonal transition probabilities (seed 2026). Columns: day, day_of_year, wet.
day,day_of_year,wet
0,1,0
1,2,0
2,3,1
3,4,0
4,5,0
5,6,0
6,7,0
7,8,0
8,9,0
9,10,0
10,11,0
11,12,0
12,13,0
13,14,0
14,15,1
15,16,0
16,17,0
17,18,1
18,19,0
19,20,0
20,21,0
21,22,0
22,23,0
23,24,0
24,25,0
25,26,1
26,27,0
27,28,0
28,29,0
29,30,1
30,31,1
31,32,1
32,33,1
33,34,1
34,35,0
35,36,0
36,37,1
37,38,0
38,39,1
39,40,1
40,41,0
41,42,1
42,43,1
43,44,1
44,45,0
45,46,0
46,47,0
47,48,1
48,49,0
49,50,0
50,51,0
51,52,0
52,53,1
53,54,1
54,55,1
55,56,1
56,57,0
57,58,0
58,59,1
59,60,1
60,61,1
61,62,0
62,63,0
63,64,0
64,65,1
65,66,0
66,67,1
67,68,1
68,69,1
69,70,1
70,71,0
71,72,1
72,73,0
73,74,1
74,75,1
75,76,0
76,77,0
77,78,0
78,79,0
79,80,1
80,81,1
81,82,1
82,83,1
83,84,1
84,85,1
85,86,0
86,87,0
87,88,1
88,89,0
89,90,0
90,91,0
91,92,0
92,93,0
93,94,0
94,95,1
95,96,1
96,97,1
97,98,0
98,99,0
99,100,0
100,101,0
101,102,0
102,103,0
103,104,1
104,105,1
105,106,0
106,107,0
107,108,0
108,109,0
109,110,0
110,111,1
111,112,1
112,113,0
113,114,0
114,115,0
115,116,0
116,117,1
117,118,0
118,119,0
119,120,1
120,121,1
121,122,0
122,123,0
123,124,0
124,125,0
125,126,1
126,127,0
127,128,0
128,129,0
129,130,0
130,131,0
131,132,0
132,133,1
133,134,1
134,135,1
135,136,0
136,137,0
137,138,0
138,139,0
139,140,0
140,141,0
141,142,0
142,143,0
143,144,0
144,145,0
145,146,0
146,147,1
147,148,0
148,149,1
149,150,0
150,151,1
151,152,1
152,153,0
153,154,0
154,155,0
155,156,0
156,157,0
157,158,0
158,159,0
159,160,0
160,161,0
161,162,0
162,163,1
163,164,0
164,165,0
165,166,1
166,167,1
167,168,1
168,169,0
169,170,0
170,171,0
171,172,0
172,173,0
173,174,0
174,175,0
175,176,0
176,177,0
177,178,0
178,179,0
179,180,0
180,181,0
181,182,0
182,183,0
183,184,0
184,185,1
185,186,1
186,187,0
187,188,0
188,189,0
189,190,0
190,191,1
191,192,0
192,193,1
193,194,0
194,195,0
195,196,0
196,197,0
197,198,0
198,199,0
199,200,0
200,201,0
201,202,0
202,203,1
203,204,0
204,205,1
205,206,0
206,207,0
207,208,0
208,209,0
209,210,0
210,211,0
211,212,0
212,213,0
213,214,0
214,215,0
215,216,0
216,217,0
217,218,0
218,219,0
219,220,0
220,221,0
221,222,0
222,223,1
223,224,0
224,225,0
225,226,0
226,227,0
227,228,0
228,229,0
229,230,0
230,231,0
231,232,0
232,233,0
233,234,0
234,235,0
235,236,1
236,237,1
237,238,0
238,239,1
239,240,0
240,241,0
241,242,0
242,243,0
243,244,0
244,245,0
245,246,0
246,247,0
247,248,0
248,249,0
249,250,0
250,251,0
251,252,0
252,253,1
253,254,1
254,255,0
255,256,0
256,257,0
257,258,0
258,259,0
259,260,0
260,261,0
261,262,0
262,263,1
263,264,0
264,265,0
265,266,0
266,267,0
267,268,0
268,269,0
269,270,1
270,271,0
271,272,0
272,273,0
273,274,0
274,275,0
275,276,0
276,277,0
277,278,1
278,279,0
279,280,0
280,281,1
281,282,0
282,283,0
283,284,1
284,285,1
285,286,1
286,287,0
287,288,0
288,289,0
289,290,0
290,291,0
291,292,1
292,293,0
293,294,0
294,295,0
295,296,1
296,297,1
297,298,1
298,299,1
299,300,0
300,301,1
301,302,1
302,303,0
303,304,0
304,305,0
305,306,0
306,307,1
307,308,0
308,309,0
309,310,0
310,311,0
311,312,0
312,313,1
313,314,0
314,315,0
315,316,1
316,317,0
317,318,0
318,319,1
319,320,0
320,321,0
321,322,0
322,323,1
323,324,0
324,325,0
325,326,0
326,327,0
327,328,0
328,329,1
329,330,0
330,331,0
331,332,0
332,333,0
333,334,1
334,335,0
335,336,1
336,337,1
337,338,0
338,339,0
339,340,0
340,341,0
341,342,0
342,343,1
343,344,1
344,345,0
345,346,1
346,347,1
347,348,0
348,349,0
349,350,0
350,351,1
351,352,1
352,353,1
353,354,0
354,355,0
355,356,1
356,357,1
357,358,1
358,359,0
359,360,0
360,361,1
361,362,0
362,363,1
363,364,0
364,365,1
365,1,0
366,2,1
367,3,0
368,4,0
369,5,0
370,6,0
371,7,1
372,8,0
373,9,0
374,10,0
375,11,0
376,12,1
377,13,0
378,14,0
379,15,0
380,16,0
381,17,0
382,18,0
383,19,1
384,20,1
385,21,1
386,22,0
387,23,1
388,24,1
389,25,1
390,26,0
391,27,1
392,28,0
393,29,0
394,30,0
395,31,0
396,32,0
397,33,0
398,34,0
399,35,0
400,36,0
401,37,0
402,38,0
403,39,0
404,40,0
405,41,0
406,42,0
407,43,0
408,44,1
409,45,1
410,46,1
411,47,1
412,48,0
413,49,0
414,50,0
415,51,0
416,52,1
417,53,1
418,54,1
419,55,0
420,56,0
421,57,1
422,58,0
423,59,0
424,60,1
425,61,1
426,62,0
427,63,0
428,64,1
429,65,0
430,66,0
431,67,0
432,68,0
433,69,1
434,70,1
435,71,0
436,72,0
437,73,1
438,74,1
439,75,1
440,76,0
441,77,0
442,78,1
443,79,0
444,80,0
445,81,0
446,82,0
447,83,0
448,84,0
449,85,0
450,86,0
451,87,0
452,88,0
453,89,0
454,90,0
455,91,0
456,92,0
457,93,0
458,94,0
459,95,0
460,96,1
461,97,0
462,98,0
463,99,0
464,100,0
465,101,1
466,102,1
467,103,1
468,104,0
469,105,0
470,106,0
471,107,0
472,108,0
473,109,0
474,110,0
475,111,0
476,112,0
477,113,1
478,114,1
479,115,0
480,116,0
481,117,0
482,118,0
483,119,0
484,120,0
485,121,0
486,122,0
487,123,0
488,124,0
489,125,1
490,126,1
491,127,1
492,128,0
493,129,0
494,130,0
495,131,0
496,132,0
497,133,0
498,134,0
499,135,0
500,136,0
501,137,1
502,138,1
503,139,1
504,140,0
505,141,0
506,142,0
507,143,0
508,144,0
509,145,0
510,146,0
511,147,0
512,148,0
513,149,1
514,150,0
515,151,0
516,152,0
517,153,0
518,154,0
519,155,0
520,156,0
521,157,0
522,158,0
523,159,0
524,160,0
525,161,0
526,162,0
527,163,0
528,164,0
529,165,1
530,166,1
531,167,0
532,168,0
533,169,0
534,170,1
535,171,0
536,172,0
537,173,0
538,174,1
539,175,0
540,176,0
541,177,0
542,178,0
543,179,1
544,180,0
545,181,0
546,182,0
547,183,1
548,184,0
549,185,0
550,186,0
551,187,0
552,188,0
553,189,0
554,190,0
555,191,0
556,192,0
557,193,0
558,194,0
559,195,0
560,196,0
561,197,0
562,198,1
563,199,0
564,200,0
565,201,1
566,202,0
567,203,0
568,204,0
569,205,0
570,206,0
571,207,0
572,208,1
573,209,0
574,210,0
575,211,0
576,212,1
577,213,0
578,214,0
579,215,0
580,216,0
581,217,0
582,218,0
583,219,0
584,220,0
585,221,0
586,222,0
587,223,0
588,224,0
589,225,0
590,226,0
591,227,0
592,228,0
593,229,0
594,230,0
595,231,0
596,232,0
597,233,0
598,234,0
599,235,0
600,236,0
601,237,0
602,238,0
603,239,0
604,240,0
605,241,0
606,242,0
607,243,0
608,244,0
609,245,0
610,246,0
611,247,0
612,248,0
613,249,0
614,250,0
615,251,0
616,252,0
617,253,0
618,254,0
619,255,1
620,256,0
621,257,0
622,258,0
623,259,0
624,260,0
625,261,1
626,262,0
627,263,0
628,264,0
629,265,0
630,266,0
631,267,0
632,268,0
633,269,0
634,270,0
635,271,0
636,272,1
637,273,0
638,274,0
639,275,0
640,276,0
641,277,0
642,278,0
643,279,1
644,280,0
645,281,0
646,282,0
647,283,0
648,284,1
649,285,1
650,286,0
651,287,1
652,288,0
653,289,0
654,290,0
655,291,0
656,292,1
657,293,1
658,294,0
659,295,0
660,296,0
661,297,0
662,298,1
663,299,1
664,300,0
665,301,0
666,302,0
667,303,0
668,304,0
669,305,0
670,306,0
671,307,0
672,308,0
673,309,0
674,310,1
675,311,1
676,312,1
677,313,1
678,314,1
679,315,0
680,316,0
681,317,1
682,318,0
683,319,1
684,320,0
685,321,0
686,322,0
687,323,0
688,324,0
689,325,1
690,326,1
691,327,0
692,328,0
693,329,1
694,330,1
695,331,1
696,332,1
697,333,0
698,334,1
699,335,0
700,336,0
701,337,0
702,338,1
703,339,0
704,340,1
705,341,0
706,342,0
707,343,0
708,344,0
709,345,0
710,346,0
711,347,0
712,348,1
713,349,0
714,350,0
715,351,0
716,352,0
717,353,0
718,354,1
719,355,1
720,356,1
721,357,0
722,358,1
723,359,1
724,360,1
725,361,1
726,362,1
727,363,1
728,364,1
729,365,0
730,1,0
731,2,0
732,3,1
733,4,0
734,5,0
735,6,1
736,7,0
737,8,1
738,9,0
739,10,0
740,11,0
741,12,1
742,13,1
743,14,1
744,15,1
745,16,1
746,17,0
747,18,0
748,19,0
749,20,0
750,21,0
751,22,0
752,23,0
753,24,1
754,25,1
755,26,1
756,27,1
757,28,1
758,29,1
759,30,1
760,31,1
761,32,1
762,33,0
763,34,0
764,35,0
765,36,0
766,37,0
767,38,1
768,39,0
769,40,0
770,41,0
771,42,0
772,43,1
773,44,0
774,45,0
775,46,0
776,47,0
777,48,0
778,49,0
779,50,0
780,51,0
781,52,0
782,53,1
783,54,0
784,55,0
785,56,0
786,57,0
787,58,1
788,59,1
789,60,1
790,61,1
791,62,0
792,63,0
793,64,1
794,65,0
795,66,1
796,67,0
797,68,0
798,69,0
799,70,0
800,71,0
801,72,1
802,73,1
803,74,0
804,75,0
805,76,0
806,77,0
807,78,1
808,79,0
809,80,0
810,81,1
811,82,0
812,83,1
813,84,0
814,85,0
815,86,0
816,87,0
817,88,1
818,89,0
819,90,1
820,91,0
821,92,1
822,93,1
823,94,0
824,95,1
825,96,0
826,97,0
827,98,0
828,99,0
829,100,1
830,101,0
831,102,0
832,103,0
833,104,0
834,105,0
835,106,1
836,107,0
837,108,0
838,109,1
839,110,1
840,111,0
841,112,0
842,113,0
843,114,0
844,115,0
845,116,1
846,117,0
847,118,0
848,119,0
849,120,0
850,121,0
851,122,0
852,123,0
853,124,0
854,125,0
855,126,0
856,127,0
857,128,0
858,129,0
859,130,0
860,131,0
861,132,0
862,133,0
863,134,0
864,135,1
865,136,0
866,137,0
867,138,1
868,139,0
869,140,0
870,141,0
871,142,0
872,143,1
873,144,1
874,145,1
875,146,1
876,147,1
877,148,0
878,149,0
879,150,0
880,151,0
881,152,0
882,153,0
883,154,0
884,155,0
885,156,0
886,157,0
887,158,0
888,159,0
889,160,0
890,161,0
891,162,1
892,163,0
893,164,0
894,165,0
895,166,0
896,167,0
897,168,0
898,169,0
899,170,0
900,171,0
901,172,0
902,173,0
903,174,0
904,175,0
905,176,1
906,177,0
907,178,0
908,179,0
909,180,0
910,181,0
911,182,0
912,183,0
913,184,0
914,185,1
915,186,0
916,187,0
917,188,1
918,189,1
919,190,0
920,191,1
921,192,0
922,193,0
923,194,0
924,195,0
925,196,0
926,197,0
927,198,0
928,199,0
929,200,0
930,201,0
931,202,0
932,203,0
933,204,0
934,205,0
935,206,0
936,207,1
937,208,0
938,209,0
939,210,1
940,211,1
941,212,0
942,213,0
943,214,0
944,215,0
945,216,0
946,217,0
947,218,0
948,219,0
949,220,1
950,221,0
951,222,0
952,223,0
953,224,0
954,225,0
955,226,0
956,227,0
957,228,0
958,229,0
959,230,0
960,231,0
961,232,0
962,233,0
963,234,0
964,235,1
965,236,0
966,237,0
967,238,0
968,239,0
969,240,0
970,241,0
971,242,0
972,243,1
973,244,0
974,245,0
975,246,0
976,247,0
977,248,0
978,249,0
979,250,0
980,251,1
981,252,1
982,253,0
983,254,0
984,255,0
985,256,0
986,257,0
987,258,0
988,259,0
989,260,0
990,261,0
991,262,1
992,263,0
993,264,0
994,265,1
995,266,0
996,267,1
997,268,1
998,269,1
999,270,1
1000,271,0
1001,272,0
1002,273,0
1003,274,1
1004,275,0
1005,276,0
1006,277,0
1007,278,0
1008,279,0
1009,280,1
1010,281,0
1011,282,0
1012,283,0
1013,284,0
1014,285,0
1015,286,0
1016,287,0
1017,288,0
1018,289,1
1019,290,1
1020,291,0
1021,292,0
1022,293,0
1023,294,0
1024,295,0
1025,296,0
1026,297,0
1027,298,0
1028,299,0
1029,300,1
1030,301,0
1031,302,0
1032,303,0
1033,304,0
1034,305,0
1035,306,0
1036,307,0
1037,308,0
1038,309,0
1039,310,0
1040,311,0
1041,312,1
1042,313,0
1043,314,0
1044,315,0
1045,316,0
1046,317,0
1047,318,0
1048,319,0
1049,320,1
1050,321,1
1051,322,0
1052,323,0
1053,324,0
1054,325,1
1055,326,1
1056,327,1
1057,328,1
1058,329,0
1059,330,1
1060,331,0
1061,332,1
1062,333,1
1063,334,1
1064,335,0
1065,336,0
1066,337,0
1067,338,0
1068,339,1
1069,340,0
1070,341,0
1071,342,0
1072,343,0
1073,344,0
1074,345,0
1075,346,0
1076,347,0
1077,348,0
1078,349,0
1079,350,0
1080,351,1
1081,352,1
1082,353,1
1083,354,0
1084,355,1
1085,356,0
1086,357,1
1087,358,1
1088,359,1
1089,360,1
1090,361,0
1091,362,0
1092,363,1
1093,364,0
1094,365,0
1095,1,0
1096,2,1
1097,3,0
1098,4,1
1099,5,0
1100,6,0
1101,7,0
1102,8,0
1103,9,0
1104,10,0
1105,11,0
1106,12,0
1107,13,0
1108,14,0
1109,15,0
1110,16,0
1111,17,0
1112,18,0
1113,19,1
1114,20,1
1115,21,1
1116,22,0
1117,23,0
1118,24,0
1119,25,0
1120,26,1
1121,27,1
1122,28,1
1123,29,1
1124,30,1
1125,31,0
1126,32,0
1127,33,0
1128,34,0
1129,35,0
1130,36,1
1131,37,1
1132,38,1
1133,39,0
1134,40,0
1135,41,0
1136,42,1
1137,43,1
1138,44,1
1139,45,0
1140,46,1
1141,47,1
1142,48,0
1143,49,0
1144,50,0
1145,51,1
1146,52,0
1147,53,0
1148,54,0
1149,55,1
1150,56,0
1151,57,0
1152,58,1
1153,59,1
1154,60,0
1155,61,0
1156,62,0
1157,63,0
1158,64,0
1159,65,1
1160,66,1
1161,67,0
1162,68,1
1163,69,1
1164,70,1
1165,71,1
1166,72,1
1167,73,0
1168,74,1
1169,75,1
1170,76,0
1171,77,1
1172,78,0
1173,79,0
1174,80,0
1175,81,0
1176,82,0
1177,83,0
1178,84,0
1179,85,0
1180,86,0
1181,87,0
1182,88,0
1183,89,0
1184,90,0
1185,91,0
1186,92,1
1187,93,1
1188,94,1
1189,95,1
1190,96,0
1191,97,1
1192,98,1
1193,99,0
1194,100,1
1195,101,0
1196,102,1
1197,103,1
1198,104,1
1199,105,0
1200,106,0
1201,107,0
1202,108,0
1203,109,0
1204,110,0
1205,111,0
1206,112,0
1207,113,0
1208,114,0
1209,115,1
1210,116,0
1211,117,0
1212,118,0
1213,119,0
1214,120,1
1215,121,0
1216,122,0
1217,123,0
1218,124,1
1219,125,1
1220,126,0
1221,127,0
1222,128,0
1223,129,0
1224,130,0
1225,131,0
1226,132,0
1227,133,0
1228,134,0
1229,135,0
1230,136,0
1231,137,0
1232,138,0
1233,139,0
1234,140,1
1235,141,0
1236,142,0
1237,143,0
1238,144,0
1239,145,0
1240,146,1
1241,147,1
1242,148,0
1243,149,0
1244,150,0
1245,151,0
1246,152,0
1247,153,0
1248,154,0
1249,155,0
1250,156,0
1251,157,0
1252,158,0
1253,159,0
1254,160,0
1255,161,0
1256,162,1
1257,163,0
1258,164,0
1259,165,0
1260,166,0
1261,167,0
1262,168,0
1263,169,0
1264,170,0
1265,171,0
1266,172,0
1267,173,0
1268,174,0
1269,175,0
1270,176,0
1271,177,0
1272,178,0
1273,179,1
1274,180,0
1275,181,0
1276,182,0
1277,183,0
1278,184,0
1279,185,0
1280,186,0
1281,187,0
1282,188,0
1283,189,0
1284,190,0
1285,191,0
1286,192,0
1287,193,0
1288,194,1
1289,195,0
1290,196,0
1291,197,0
1292,198,1
1293,199,1
1294,200,1
1295,201,0
1296,202,0
1297,203,0
1298,204,1
1299,205,1
1300,206,0
1301,207,1
1302,208,0
1303,209,0
1304,210,0
1305,211,0
1306,212,0
1307,213,0
1308,214,0
1309,215,0
1310,216,0
1311,217,0
1312,218,0
1313,219,0
1314,220,0
1315,221,1
1316,222,1
1317,223,0
1318,224,0
1319,225,0
1320,226,0
1321,227,0
1322,228,0
1323,229,0
1324,230,0
1325,231,0
1326,232,0
1327,233,0
1328,234,0
1329,235,0
1330,236,0
1331,237,0
1332,238,0
1333,239,0
1334,240,0
1335,241,0
1336,242,0
1337,243,0
1338,244,0
1339,245,0
1340,246,1
1341,247,0
1342,248,0
1343,249,0
1344,250,1
1345,251,0
1346,252,0
1347,253,0
1348,254,0
1349,255,0
1350,256,0
1351,257,0
1352,258,0
1353,259,0
1354,260,0
1355,261,1
1356,262,1
1357,263,0
1358,264,1
1359,265,0
1360,266,1
1361,267,1
1362,268,0
1363,269,0
1364,270,1
1365,271,0
1366,272,0
1367,273,0
1368,274,0
1369,275,1
1370,276,0
1371,277,0
1372,278,0
1373,279,0
1374,280,0
1375,281,0
1376,282,0
1377,283,1
1378,284,0
1379,285,0
1380,286,0
1381,287,0
1382,288,0
1383,289,0
1384,290,0
1385,291,0
1386,292,1
1387,293,1
1388,294,0
1389,295,0
1390,296,0
1391,297,0
1392,298,1
1393,299,1
1394,300,0
1395,301,0
1396,302,0
1397,303,1
1398,304,0
1399,305,0
1400,306,0
1401,307,0
1402,308,0
1403,309,1
1404,310,0
1405,311,0
1406,312,0
1407,313,0
1408,314,0
1409,315,1
1410,316,1
1411,317,1
1412,318,1
1413,319,1
1414,320,1
1415,321,0
1416,322,0
1417,323,0
1418,324,0
1419,325,1
1420,326,1
1421,327,0
1422,328,0
1423,329,1
1424,330,1
1425,331,0
1426,332,1
1427,333,1
1428,334,0
1429,335,0
1430,336,0
1431,337,0
1432,338,0
1433,339,0
1434,340,0
1435,341,0
1436,342,0
1437,343,0
1438,344,0
1439,345,0
1440,346,1
1441,347,1
1442,348,0
1443,349,0
1444,350,0
1445,351,0
1446,352,0
1447,353,0
1448,354,1
1449,355,1
1450,356,1
1451,357,0
1452,358,0
1453,359,0
1454,360,0
1455,361,0
1456,362,0
1457,363,0
1458,364,0
1459,365,1
1460,1,0
1461,2,0
1462,3,0
1463,4,1
1464,5,0
1465,6,0
1466,7,0
1467,8,0
1468,9,1
1469,10,1
1470,11,1
1471,12,1
1472,13,0
1473,14,0
1474,15,1
1475,16,1
1476,17,1
1477,18,1
1478,19,1
1479,20,1
1480,21,0
1481,22,0
1482,23,0
1483,24,1
1484,25,0
1485,26,0
1486,27,1
1487,28,1
1488,29,1
1489,30,0
1490,31,1
1491,32,1
1492,33,0
1493,34,0
1494,35,0
1495,36,0
1496,37,1
1497,38,0
1498,39,1
1499,40,0
1500,41,0
1501,42,0
1502,43,1
1503,44,1
1504,45,0
1505,46,0
1506,47,0
1507,48,0
1508,49,0
1509,50,1
1510,51,1
1511,52,1
1512,53,1
1513,54,1
1514,55,1
1515,56,1
1516,57,0
1517,58,0
1518,59,1
1519,60,1
1520,61,1
1521,62,1
1522,63,1
1523,64,0
1524,65,0
1525,66,0
1526,67,1
1527,68,0
1528,69,0
1529,70,1
1530,71,0
1531,72,0
1532,73,1
1533,74,0
1534,75,0
1535,76,0
1536,77,1
1537,78,0
1538,79,0
1539,80,0
1540,81,0
1541,82,1
1542,83,0
1543,84,0
1544,85,1
1545,86,0
1546,87,0
1547,88,0
1548,89,1
1549,90,1
1550,91,0
1551,92,0
1552,93,0
1553,94,0
1554,95,0
1555,96,0
1556,97,0
1557,98,1
1558,99,0
1559,100,1
1560,101,0
1561,102,1
1562,103,0
1563,104,0
1564,105,0
1565,106,0
1566,107,1
1567,108,0
1568,109,0
1569,110,0
1570,111,0
1571,112,1
1572,113,1
1573,114,1
1574,115,1
1575,116,0
1576,117,1
1577,118,1
1578,119,0
1579,120,0
1580,121,0
1581,122,0
1582,123,0
1583,124,0
1584,125,0
1585,126,1
1586,127,1
1587,128,0
1588,129,0
1589,130,0
1590,131,0
1591,132,0
1592,133,0
1593,134,0
1594,135,0
1595,136,0
1596,137,0
1597,138,0
1598,139,0
1599,140,0
1600,141,0
1601,142,0
1602,143,0
1603,144,0
1604,145,0
1605,146,1
1606,147,0
1607,148,0
1608,149,0
1609,150,0
1610,151,0
1611,152,0
1612,153,0
1613,154,0
1614,155,0
1615,156,0
1616,157,0
1617,158,1
1618,159,1
1619,160,1
1620,161,0
1621,162,0
1622,163,0
1623,164,0
1624,165,0
1625,166,0
1626,167,0
1627,168,0
1628,169,0
1629,170,0
1630,171,0
1631,172,1
1632,173,1
1633,174,0
1634,175,0
1635,176,0
1636,177,0
1637,178,1
1638,179,0
1639,180,0
1640,181,0
1641,182,0
1642,183,0
1643,184,0
1644,185,0
1645,186,0
1646,187,1
1647,188,1
1648,189,1
1649,190,0
1650,191,0
1651,192,0
1652,193,0
1653,194,0
1654,195,1
1655,196,0
1656,197,0
1657,198,0
1658,199,0
1659,200,0
1660,201,0
1661,202,0
1662,203,1
1663,204,0
1664,205,0
1665,206,1
1666,207,0
1667,208,0
1668,209,0
1669,210,0
1670,211,0
1671,212,0
1672,213,0
1673,214,0
1674,215,0
1675,216,0
1676,217,0
1677,218,1
1678,219,1
1679,220,0
1680,221,0
1681,222,0
1682,223,0
1683,224,0
1684,225,0
1685,226,0
1686,227,0
1687,228,0
1688,229,0
1689,230,0
1690,231,0
1691,232,0
1692,233,0
1693,234,1
1694,235,0
1695,236,0
1696,237,0
1697,238,0
1698,239,0
1699,240,0
1700,241,0
1701,242,0
1702,243,1
1703,244,0
1704,245,0
1705,246,0
1706,247,0
1707,248,0
1708,249,1
1709,250,0
1710,251,0
1711,252,0
1712,253,0
1713,254,0
1714,255,0
1715,256,1
1716,257,0
1717,258,0
1718,259,0
1719,260,1
1720,261,0
1721,262,0
1722,263,0
1723,264,0
1724,265,0
1725,266,0
1726,267,1
1727,268,0
1728,269,0
1729,270,1
1730,271,1
1731,272,1
1732,273,0
1733,274,0
1734,275,0
1735,276,0
1736,277,0
1737,278,0
1738,279,0
1739,280,0
1740,281,0
1741,282,0
1742,283,0
1743,284,0
1744,285,1
1745,286,0
1746,287,0
1747,288,1
1748,289,0
1749,290,1
1750,291,0
1751,292,0
1752,293,0
1753,294,0
1754,295,1
1755,296,0
1756,297,1
1757,298,0
1758,299,0
1759,300,0
1760,301,0
1761,302,0
1762,303,0
1763,304,1
1764,305,0
1765,306,0
1766,307,1
1767,308,0
1768,309,0
1769,310,0
1770,311,0
1771,312,0
1772,313,1
1773,314,1
1774,315,1
1775,316,0
1776,317,0
1777,318,0
1778,319,0
1779,320,1
1780,321,0
1781,322,1
1782,323,1
1783,324,0
1784,325,0
1785,326,0
1786,327,0
1787,328,0
1788,329,0
1789,330,0
1790,331,0
1791,332,0
1792,333,1
1793,334,0
1794,335,0
1795,336,1
1796,337,0
1797,338,1
1798,339,0
1799,340,0
1800,341,1
1801,342,0
1802,343,1
1803,344,0
1804,345,1
1805,346,1
1806,347,1
1807,348,0
1808,349,0
1809,350,0
1810,351,0
1811,352,0
1812,353,0
1813,354,0
1814,355,0
1815,356,1
1816,357,1
1817,358,1
1818,359,1
1819,360,0
1820,361,0
1821,362,1
1822,363,1
1823,364,0
1824,365,0
1825,1,1
1826,2,1
1827,3,0
1828,4,1
1829,5,1
1830,6,1
1831,7,0
1832,8,0
1833,9,0
1834,10,0
1835,11,0
1836,12,0
1837,13,0
1838,14,0
1839,15,0
1840,16,0
1841,17,0
1842,18,0
1843,19,0
1844,20,0
1845,21,0
1846,22,0
1847,23,0
1848,24,0
1849,25,0
1850,26,1
1851,27,0
1852,28,1
1853,29,1
1854,30,1
1855,31,0
1856,32,0
1857,33,0
1858,34,0
1859,35,0
1860,36,0
1861,37,0
1862,38,0
1863,39,1
1864,40,1
1865,41,1
1866,42,1
1867,43,0
1868,44,0
1869,45,1
1870,46,0
1871,47,1
1872,48,0
1873,49,0
1874,50,1
1875,51,0
1876,52,0
1877,53,0
1878,54,0
1879,55,0
1880,56,0
1881,57,1
1882,58,0
1883,59,1
1884,60,1
1885,61,0
1886,62,0
1887,63,1
1888,64,0
1889,65,1
1890,66,0
1891,67,0
1892,68,1
1893,69,0
1894,70,0
1895,71,0
1896,72,0
1897,73,1
1898,74,1
1899,75,1
1900,76,1
1901,77,0
1902,78,0
1903,79,0
1904,80,1
1905,81,0
1906,82,0
1907,83,0
1908,84,0
1909,85,0
1910,86,0
1911,87,0
1912,88,1
1913,89,0
1914,90,0
1915,91,0
1916,92,0
1917,93,0
1918,94,0
1919,95,0
1920,96,0
1921,97,0
1922,98,1
1923,99,1
1924,100,0
1925,101,0
1926,102,1
1927,103,1
1928,104,1
1929,105,1
1930,106,1
1931,107,1
1932,108,1
1933,109,1
1934,110,0
1935,111,0
1936,112,0
1937,113,0
1938,114,0
1939,115,0
1940,116,0
1941,117,0
1942,118,1
1943,119,0
1944,120,0
1945,121,1
1946,122,0
1947,123,0
1948,124,0
1949,125,0
1950,126,0
1951,127,0
1952,128,1
1953,129,1
1954,130,0
1955,131,0
1956,132,1
1957,133,0
1958,134,0
1959,135,0
1960,136,0
1961,137,0
1962,138,0
1963,139,0
1964,140,0
1965,141,0
1966,142,0
1967,143,0
1968,144,0
1969,145,0
1970,146,1
1971,147,1
1972,148,0
1973,149,0
1974,150,0
1975,151,1
1976,152,0
1977,153,0
1978,154,0
1979,155,0
1980,156,0
1981,157,0
1982,158,0
1983,159,0
1984,160,0
1985,161,0
1986,162,0
1987,163,0
1988,164,0
1989,165,0
1990,166,0
1991,167,0
1992,168,0
1993,169,0
1994,170,0
1995,171,0
1996,172,0
1997,173,1
1998,174,0
1999,175,0
2000,176,0
2001,177,0
2002,178,1
2003,179,1
2004,180,1
2005,181,1
2006,182,0
2007,183,0
2008,184,1
2009,185,0
2010,186,0
2011,187,0
2012,188,0
2013,189,0
2014,190,0
2015,191,0
2016,192,0
2017,193,0
2018,194,0
2019,195,0
2020,196,0
2021,197,0
2022,198,0
2023,199,0
2024,200,0
2025,201,0
2026,202,0
2027,203,0
2028,204,0
2029,205,0
2030,206,0
2031,207,0
2032,208,0
2033,209,0
2034,210,0
2035,211,0
2036,212,0
2037,213,0
2038,214,0
2039,215,0
2040,216,0
2041,217,0
2042,218,0
2043,219,0
2044,220,0
2045,221,0
2046,222,0
2047,223,0
2048,224,0
2049,225,0
2050,226,0
2051,227,0
2052,228,0
2053,229,0
2054,230,1
2055,231,0
2056,232,0
2057,233,0
2058,234,0
2059,235,0
2060,236,0
2061,237,1
2062,238,0
2063,239,0
2064,240,0
2065,241,0
2066,242,1
2067,243,0
2068,244,0
2069,245,1
2070,246,0
2071,247,0
2072,248,0
2073,249,0
2074,250,0
2075,251,0
2076,252,0
2077,253,0
2078,254,0
2079,255,0
2080,256,1
2081,257,0
2082,258,0
2083,259,1
2084,260,0
2085,261,0
2086,262,0
2087,263,0
2088,264,0
2089,265,0
2090,266,1
2091,267,0
2092,268,0
2093,269,0
2094,270,0
2095,271,1
2096,272,1
2097,273,0
2098,274,0
2099,275,0
2100,276,1
2101,277,1
2102,278,0
2103,279,0
2104,280,0
2105,281,0
2106,282,0
2107,283,1
2108,284,1
2109,285,0
2110,286,0
2111,287,0
2112,288,0
2113,289,0
2114,290,0
2115,291,0
2116,292,0
2117,293,0
2118,294,0
2119,295,0
2120,296,1
2121,297,0
2122,298,0
2123,299,0
2124,300,0
2125,301,0
2126,302,1
2127,303,0
2128,304,1
2129,305,0
2130,306,1
2131,307,0
2132,308,0
2133,309,0
2134,310,1
2135,311,1
2136,312,1
2137,313,0
2138,314,0
2139,315,0
2140,316,0
2141,317,0
2142,318,0
2143,319,0
2144,320,0
2145,321,0
2146,322,0
2147,323,0
2148,324,0
2149,325,0
2150,326,0
2151,327,1
2152,328,0
2153,329,0
2154,330,1
2155,331,1
2156,332,1
2157,333,1
2158,334,0
2159,335,1
2160,336,0
2161,337,0
2162,338,0
2163,339,1
2164,340,0
2165,341,0
2166,342,0
2167,343,0
2168,344,1
2169,345,1
2170,346,1
2171,347,1
2172,348,1
2173,349,1
2174,350,1
2175,351,1
2176,352,1
2177,353,0
2178,354,0
2179,355,0
2180,356,0
2181,357,0
2182,358,0
2183,359,1
2184,360,1
2185,361,1
2186,362,0
2187,363,1
2188,364,0
2189,365,1
2190,1,0
2191,2,0
2192,3,0
2193,4,0
2194,5,1
2195,6,0
2196,7,0
2197,8,0
2198,9,0
2199,10,0
2200,11,1
2201,12,1
2202,13,0
2203,14,1
2204,15,1
2205,16,0
2206,17,1
2207,18,1
2208,19,1
2209,20,1
2210,21,0
2211,22,0
2212,23,0
2213,24,0
2214,25,1
2215,26,1
2216,27,1
2217,28,1
2218,29,1
2219,30,1
2220,31,0
2221,32,0
2222,33,1
2223,34,1
2224,35,0
2225,36,0
2226,37,0
2227,38,0
2228,39,1
2229,40,0
2230,41,1
2231,42,0
2232,43,1
2233,44,1
2234,45,0
2235,46,0
2236,47,1
2237,48,0
2238,49,1
2239,50,0
2240,51,0
2241,52,1
2242,53,1
2243,54,1
2244,55,0
2245,56,1
2246,57,0
2247,58,0
2248,59,0
2249,60,0
2250,61,0
2251,62,0
2252,63,1
2253,64,1
2254,65,1
2255,66,1
2256,67,0
2257,68,0
2258,69,1
2259,70,0
2260,71,0
2261,72,1
2262,73,1
2263,74,1
2264,75,0
2265,76,0
2266,77,0
2267,78,0
2268,79,0
2269,80,0
2270,81,0
2271,82,0
2272,83,0
2273,84,1
2274,85,1
2275,86,1
2276,87,0
2277,88,1
2278,89,1
2279,90,1
2280,91,1
2281,92,0
2282,93,0
2283,94,0
2284,95,0
2285,96,0
2286,97,0
2287,98,0
2288,99,0
2289,100,0
2290,101,0
2291,102,0
2292,103,1
2293,104,1
2294,105,0
2295,106,0
2296,107,0
2297,108,0
2298,109,0
2299,110,0
2300,111,0
2301,112,1
2302,113,0
2303,114,0
2304,115,0
2305,116,1
2306,117,0
2307,118,0
2308,119,0
2309,120,1
2310,121,1
2311,122,0
2312,123,0
2313,124,0
2314,125,0
2315,126,0
2316,127,0
2317,128,0
2318,129,0
2319,130,0
2320,131,0
2321,132,0
2322,133,0
2323,134,0
2324,135,0
2325,136,0
2326,137,0
2327,138,0
2328,139,0
2329,140,0
2330,141,0
2331,142,0
2332,143,0
2333,144,0
2334,145,0
2335,146,0
2336,147,0
2337,148,0
2338,149,0
2339,150,0
2340,151,0
2341,152,0
2342,153,0
2343,154,0
2344,155,0
2345,156,0
2346,157,0
2347,158,0
2348,159,0
2349,160,0
2350,161,1
2351,162,0
2352,163,0
2353,164,0
2354,165,0
2355,166,1
2356,167,1
2357,168,1
2358,169,0
2359,170,0
2360,171,0
2361,172,0
2362,173,0
2363,174,0
2364,175,0
2365,176,0
2366,177,0
2367,178,0
2368,179,0
2369,180,0
2370,181,0
2371,182,0
2372,183,0
2373,184,0
2374,185,0
2375,186,0
2376,187,0
2377,188,0
2378,189,0
2379,190,0
2380,191,0
2381,192,0
2382,193,0
2383,194,0
2384,195,1
2385,196,0
2386,197,0
2387,198,0
2388,199,0
2389,200,0
2390,201,0
2391,202,0
2392,203,0
2393,204,0
2394,205,0
2395,206,0
2396,207,0
2397,208,0
2398,209,0
2399,210,0
2400,211,0
2401,212,1
2402,213,1
2403,214,0
2404,215,0
2405,216,0
2406,217,0
2407,218,0
2408,219,0
2409,220,0
2410,221,1
2411,222,0
2412,223,0
2413,224,0
2414,225,0
2415,226,0
2416,227,1
2417,228,0
2418,229,0
2419,230,1
2420,231,1
2421,232,1
2422,233,0
2423,234,0
2424,235,1
2425,236,0
2426,237,0
2427,238,0
2428,239,1
2429,240,1
2430,241,1
2431,242,0
2432,243,0
2433,244,1
2434,245,1
2435,246,0
2436,247,0
2437,248,0
2438,249,0
2439,250,0
2440,251,1
2441,252,1
2442,253,0
2443,254,1
2444,255,1
2445,256,1
2446,257,1
2447,258,0
2448,259,0
2449,260,0
2450,261,0
2451,262,1
2452,263,0
2453,264,0
2454,265,1
2455,266,1
2456,267,0
2457,268,0
2458,269,0
2459,270,0
2460,271,0
2461,272,0
2462,273,0
2463,274,0
2464,275,0
2465,276,0
2466,277,0
2467,278,1
2468,279,0
2469,280,0
2470,281,0
2471,282,0
2472,283,1
2473,284,1
2474,285,0
2475,286,1
2476,287,0
2477,288,0
2478,289,1
2479,290,0
2480,291,0
2481,292,0
2482,293,1
2483,294,1
2484,295,1
2485,296,0
2486,297,0
2487,298,0
2488,299,0
2489,300,1
2490,301,0
2491,302,0
2492,303,0
2493,304,0
2494,305,0
2495,306,0
2496,307,0
2497,308,0
2498,309,0
2499,310,0
2500,311,0
2501,312,1
2502,313,1
2503,314,0
2504,315,0
2505,316,0
2506,317,0
2507,318,0
2508,319,0
2509,320,1
2510,321,1
2511,322,0
2512,323,0
2513,324,0
2514,325,0
2515,326,1
2516,327,0
2517,328,0
2518,329,0
2519,330,1
2520,331,0
2521,332,0
2522,333,0
2523,334,1
2524,335,0
2525,336,0
2526,337,1
2527,338,1
2528,339,1
2529,340,1
2530,341,1
2531,342,0
2532,343,0
2533,344,1
2534,345,0
2535,346,1
2536,347,1
2537,348,1
2538,349,1
2539,350,0
2540,351,0
2541,352,0
2542,353,1
2543,354,1
2544,355,1
2545,356,1
2546,357,1
2547,358,0
2548,359,1
2549,360,1
2550,361,1
2551,362,1
2552,363,1
2553,364,0
2554,365,0
2555,1,1
2556,2,0
2557,3,0
2558,4,0
2559,5,0
2560,6,0
2561,7,0
2562,8,0
2563,9,0
2564,10,0
2565,11,0
2566,12,1
2567,13,0
2568,14,0
2569,15,0
2570,16,0
2571,17,0
2572,18,0
2573,19,0
2574,20,0
2575,21,0
2576,22,1
2577,23,1
2578,24,0
2579,25,1
2580,26,1
2581,27,0
2582,28,1
2583,29,0
2584,30,0
2585,31,0
2586,32,0
2587,33,1
2588,34,0
2589,35,0
2590,36,1
2591,37,1
2592,38,1
2593,39,0
2594,40,0
2595,41,1
2596,42,0
2597,43,0
2598,44,0
2599,45,0
2600,46,0
2601,47,0
2602,48,0
2603,49,1
2604,50,0
2605,51,0
2606,52,0
2607,53,0
2608,54,0
2609,55,1
2610,56,1
2611,57,0
2612,58,1
2613,59,0
2614,60,1
2615,61,0
2616,62,1
2617,63,0
2618,64,0
2619,65,0
2620,66,0
2621,67,0
2622,68,0
2623,69,0
2624,70,0
2625,71,0
2626,72,0
2627,73,0
2628,74,0
2629,75,0
2630,76,1
2631,77,1
2632,78,1
2633,79,1
2634,80,1
2635,81,1
2636,82,1
2637,83,1
2638,84,1
2639,85,0
2640,86,0
2641,87,0
2642,88,0
2643,89,0
2644,90,0
2645,91,1
2646,92,0
2647,93,0
2648,94,0
2649,95,1
2650,96,0
2651,97,1
2652,98,1
2653,99,1
2654,100,1
2655,101,0
2656,102,0
2657,103,0
2658,104,0
2659,105,0
2660,106,0
2661,107,0
2662,108,0
2663,109,0
2664,110,0
2665,111,0
2666,112,0
2667,113,0
2668,114,0
2669,115,0
2670,116,1
2671,117,0
2672,118,0
2673,119,0
2674,120,0
2675,121,0
2676,122,0
2677,123,0
2678,124,0
2679,125,1
2680,126,1
2681,127,1
2682,128,0
2683,129,0
2684,130,0
2685,131,1
2686,132,0
2687,133,0
2688,134,0
2689,135,0
2690,136,0
2691,137,1
2692,138,1
2693,139,1
2694,140,0
2695,141,0
2696,142,0
2697,143,0
2698,144,1
2699,145,0
2700,146,0
2701,147,0
2702,148,0
2703,149,0
2704,150,0
2705,151,0
2706,152,0
2707,153,1
2708,154,0
2709,155,0
2710,156,0
2711,157,0
2712,158,0
2713,159,0
2714,160,0
2715,161,0
2716,162,0
2717,163,0
2718,164,0
2719,165,0
2720,166,0
2721,167,0
2722,168,0
2723,169,0
2724,170,0
2725,171,0
2726,172,0
2727,173,1
2728,174,0
2729,175,0
2730,176,0
2731,177,0
2732,178,0
2733,179,0
2734,180,0
2735,181,0
2736,182,0
2737,183,0
2738,184,0
2739,185,0
2740,186,0
2741,187,0
2742,188,0
2743,189,0
2744,190,0
2745,191,0
2746,192,0
2747,193,0
2748,194,0
2749,195,0
2750,196,0
2751,197,0
2752,198,0
2753,199,0
2754,200,0
2755,201,0
2756,202,0
2757,203,0
2758,204,0
2759,205,1
2760,206,1
2761,207,0
2762,208,0
2763,209,0
2764,210,0
2765,211,0
2766,212,0
2767,213,0
2768,214,0
2769,215,0
2770,216,0
2771,217,0
2772,218,0
2773,219,0
2774,220,0
2775,221,0
2776,222,1
2777,223,0
2778,224,0
2779,225,0
2780,226,0
2781,227,0
2782,228,0
2783,229,0
2784,230,0
2785,231,0
2786,232,0
2787,233,0
2788,234,0
2789,235,0
2790,236,0
2791,237,0
2792,238,0
2793,239,1
2794,240,0
2795,241,0
2796,242,0
2797,243,0
2798,244,0
2799,245,0
2800,246,0
2801,247,0
2802,248,0
2803,249,0
2804,250,0
2805,251,0
2806,252,0
2807,253,0
2808,254,0
2809,255,0
2810,256,0
2811,257,0
2812,258,0
2813,259,0
2814,260,0
2815,261,0
2816,262,0
2817,263,0
2818,264,0
2819,265,0
2820,266,0
2821,267,0
2822,268,1
2823,269,1
2824,270,0
2825,271,0
2826,272,0
2827,273,0
2828,274,0
2829,275,0
2830,276,0
2831,277,1
2832,278,0
2833,279,0
2834,280,0
2835,281,0
2836,282,0
2837,283,0
2838,284,0
2839,285,0
2840,286,0
2841,287,0
2842,288,0
2843,289,0
2844,290,0
2845,291,0
2846,292,1
2847,293,0
2848,294,0
2849,295,0
2850,296,0
2851,297,0
2852,298,0
2853,299,0
2854,300,1
2855,301,0
2856,302,0
2857,303,0
2858,304,0
2859,305,0
2860,306,0
2861,307,1
2862,308,0
2863,309,0
2864,310,0
2865,311,1
2866,312,0
2867,313,0
2868,314,0
2869,315,1
2870,316,1
2871,317,0
2872,318,1
2873,319,1
2874,320,0
2875,321,1
2876,322,1
2877,323,1
2878,324,0
2879,325,1
2880,326,1
2881,327,0
2882,328,0
2883,329,0
2884,330,0
2885,331,1
2886,332,0
2887,333,1
2888,334,1
2889,335,0
2890,336,0
2891,337,0
2892,338,0
2893,339,1
2894,340,0
2895,341,0
2896,342,1
2897,343,0
2898,344,0
2899,345,1
2900,346,0
2901,347,0
2902,348,0
2903,349,1
2904,350,0
2905,351,1
2906,352,1
2907,353,1
2908,354,0
2909,355,1
2910,356,0
2911,357,0
2912,358,0
2913,359,0
2914,360,0
2915,361,1
2916,362,0
2917,363,0
2918,364,0
2919,365,0
2920,1,0
2921,2,0
2922,3,0
2923,4,0
2924,5,0
2925,6,1
2926,7,1
2927,8,0
2928,9,0
2929,10,1
2930,11,1
2931,12,0
2932,13,0
2933,14,0
2934,15,0
2935,16,0
2936,17,0
2937,18,0
2938,19,1
2939,20,0
2940,21,1
2941,22,1
2942,23,1
2943,24,1
2944,25,0
2945,26,0
2946,27,0
2947,28,0
2948,29,0
2949,30,0
2950,31,1
2951,32,1
2952,33,1
2953,34,1
2954,35,1
2955,36,1
2956,37,1
2957,38,1
2958,39,1
2959,40,0
2960,41,0
2961,42,1
2962,43,1
2963,44,0
2964,45,0
2965,46,0
2966,47,0
2967,48,0
2968,49,0
2969,50,1
2970,51,0
2971,52,0
2972,53,1
2973,54,1
2974,55,1
2975,56,1
2976,57,0
2977,58,0
2978,59,0
2979,60,1
2980,61,1
2981,62,0
2982,63,0
2983,64,0
2984,65,0
2985,66,0
2986,67,0
2987,68,0
2988,69,0
2989,70,0
2990,71,0
2991,72,0
2992,73,0
2993,74,0
2994,75,1
2995,76,0
2996,77,1
2997,78,0
2998,79,0
2999,80,0
3000,81,0
3001,82,0
3002,83,0
3003,84,0
3004,85,1
3005,86,1
3006,87,0
3007,88,0
3008,89,0
3009,90,0
3010,91,0
3011,92,0
3012,93,0
3013,94,0
3014,95,0
3015,96,0
3016,97,0
3017,98,0
3018,99,0
3019,100,1
3020,101,0
3021,102,1
3022,103,0
3023,104,1
3024,105,0
3025,106,0
3026,107,0
3027,108,0
3028,109,0
3029,110,0
3030,111,0
3031,112,1
3032,113,1
3033,114,0
3034,115,0
3035,116,0
3036,117,0
3037,118,0
3038,119,0
3039,120,0
3040,121,1
3041,122,0
3042,123,0
3043,124,0
3044,125,0
3045,126,0
3046,127,0
3047,128,0
3048,129,0
3049,130,0
3050,131,1
3051,132,0
3052,133,1
3053,134,0
3054,135,0
3055,136,1
3056,137,0
3057,138,1
3058,139,0
3059,140,0
3060,141,0
3061,142,0
3062,143,0
3063,144,0
3064,145,0
3065,146,0
3066,147,0
3067,148,0
3068,149,0
3069,150,1
3070,151,1
3071,152,0
3072,153,0
3073,154,0
3074,155,0
3075,156,0
3076,157,0
3077,158,0
3078,159,0
3079,160,1
3080,161,0
3081,162,0
3082,163,0
3083,164,0
3084,165,0
3085,166,0
3086,167,0
3087,168,1
3088,169,1
3089,170,1
3090,171,0
3091,172,0
3092,173,0
3093,174,0
3094,175,0
3095,176,0
3096,177,0
3097,178,0
3098,179,0
3099,180,0
3100,181,1
3101,182,0
3102,183,0
3103,184,1
3104,185,0
3105,186,0
3106,187,0
3107,188,0
3108,189,0
3109,190,0
3110,191,0
3111,192,1
3112,193,1
3113,194,1
3114,195,0
3115,196,0
3116,197,0
3117,198,0
3118,199,0
3119,200,0
3120,201,1
3121,202,1
3122,203,0
3123,204,0
3124,205,1
3125,206,1
3126,207,1
3127,208,0
3128,209,0
3129,210,0
3130,211,0
3131,212,0
3132,213,0
3133,214,0
3134,215,0
3135,216,0
3136,217,0
3137,218,0
3138,219,0
3139,220,0
3140,221,1
3141,222,0
3142,223,0
3143,224,0
3144,225,0
3145,226,0
3146,227,0
3147,228,0
3148,229,0
3149,230,0
3150,231,0
3151,232,0
3152,233,0
3153,234,0
3154,235,0
3155,236,0
3156,237,0
3157,238,0
3158,239,0
3159,240,0
3160,241,0
3161,242,0
3162,243,0
3163,244,0
3164,245,0
3165,246,0
3166,247,0
3167,248,0
3168,249,0
3169,250,0
3170,251,0
3171,252,0
3172,253,0
3173,254,0
3174,255,0
3175,256,0
3176,257,0
3177,258,0
3178,259,0
3179,260,0
3180,261,1
3181,262,0
3182,263,0
3183,264,0
3184,265,0
3185,266,0
3186,267,0
3187,268,0
3188,269,0
3189,270,0
3190,271,0
3191,272,1
3192,273,0
3193,274,0
3194,275,0
3195,276,0
3196,277,0
3197,278,0
3198,279,0
3199,280,0
3200,281,0
3201,282,0
3202,283,0
3203,284,0
3204,285,0
3205,286,0
3206,287,0
3207,288,0
3208,289,0
3209,290,1
3210,291,0
3211,292,0
3212,293,0
3213,294,0
3214,295,0
3215,296,0
3216,297,0
3217,298,0
3218,299,0
3219,300,1
3220,301,1
3221,302,1
3222,303,0
3223,304,0
3224,305,0
3225,306,0
3226,307,1
3227,308,0
3228,309,1
3229,310,0
3230,311,0
3231,312,0
3232,313,0
3233,314,1
3234,315,1
3235,316,1
3236,317,0
3237,318,0
3238,319,0
3239,320,0
3240,321,0
3241,322,0
3242,323,0
3243,324,0
3244,325,1
3245,326,1
3246,327,0
3247,328,0
3248,329,0
3249,330,1
3250,331,0
3251,332,0
3252,333,1
3253,334,0
3254,335,0
3255,336,0
3256,337,0
3257,338,1
3258,339,1
3259,340,0
3260,341,1
3261,342,0
3262,343,0
3263,344,0
3264,345,0
3265,346,1
3266,347,0
3267,348,1
3268,349,0
3269,350,0
3270,351,0
3271,352,0
3272,353,0
3273,354,0
3274,355,1
3275,356,0
3276,357,0
3277,358,0
3278,359,0
3279,360,1
3280,361,1
3281,362,1
3282,363,1
3283,364,1
3284,365,1
3285,1,1
3286,2,1
3287,3,1
3288,4,1
3289,5,0
3290,6,1
3291,7,1
3292,8,1
3293,9,1
3294,10,0
3295,11,0
3296,12,1
3297,13,1
3298,14,1
3299,15,0
3300,16,1
3301,17,1
3302,18,1
3303,19,0
3304,20,1
3305,21,0
3306,22,1
3307,23,1
3308,24,1
3309,25,1
3310,26,0
3311,27,0
3312,28,1
3313,29,1
3314,30,1
3315,31,1
3316,32,0
3317,33,0
3318,34,1
3319,35,1
3320,36,1
3321,37,0
3322,38,0
3323,39,0
3324,40,0
3325,41,0
3326,42,1
3327,43,0
3328,44,0
3329,45,1
3330,46,1
3331,47,1
3332,48,0
3333,49,0
3334,50,0
3335,51,1
3336,52,1
3337,53,1
3338,54,0
3339,55,1
3340,56,0
3341,57,1
3342,58,0
3343,59,0
3344,60,0
3345,61,0
3346,62,0
3347,63,0
3348,64,0
3349,65,0
3350,66,1
3351,67,0
3352,68,0
3353,69,0
3354,70,0
3355,71,0
3356,72,0
3357,73,0
3358,74,0
3359,75,0
3360,76,0
3361,77,0
3362,78,0
3363,79,1
3364,80,1
3365,81,1
3366,82,0
3367,83,0
3368,84,0
3369,85,0
3370,86,0
3371,87,0
3372,88,0
3373,89,1
3374,90,0
3375,91,0
3376,92,1
3377,93,1
3378,94,0
3379,95,0
3380,96,0
3381,97,0
3382,98,1
3383,99,1
3384,100,1
3385,101,0
3386,102,0
3387,103,0
3388,104,0
3389,105,0
3390,106,1
3391,107,1
3392,108,0
3393,109,0
3394,110,0
3395,111,0
3396,112,0
3397,113,0
3398,114,0
3399,115,1
3400,116,0
3401,117,0
3402,118,0
3403,119,0
3404,120,0
3405,121,0
3406,122,0
3407,123,0
3408,124,0
3409,125,0
3410,126,0
3411,127,0
3412,128,0
3413,129,0
3414,130,0
3415,131,0
3416,132,0
3417,133,0
3418,134,0
3419,135,0
3420,136,0
3421,137,1
3422,138,0
3423,139,1
3424,140,1
3425,141,0
3426,142,0
3427,143,0
3428,144,0
3429,145,0
3430,146,0
3431,147,0
3432,148,0
3433,149,0
3434,150,0
3435,151,0
3436,152,0
3437,153,0
3438,154,0
3439,155,0
3440,156,0
3441,157,0
3442,158,0
3443,159,0
3444,160,0
3445,161,0
3446,162,0
3447,163,0
3448,164,0
3449,165,0
3450,166,0
3451,167,0
3452,168,0
3453,169,0
3454,170,1
3455,171,0
3456,172,0
3457,173,0
3458,174,1
3459,175,0
3460,176,0
3461,177,0
3462,178,0
3463,179,0
3464,180,1
3465,181,0
3466,182,0
3467,183,0
3468,184,0
3469,185,0
3470,186,0
3471,187,0
3472,188,0
3473,189,0
3474,190,0
3475,191,0
3476,192,0
3477,193,0
3478,194,0
3479,195,1
3480,196,1
3481,197,0
3482,198,0
3483,199,1
3484,200,1
3485,201,1
3486,202,0
3487,203,0
3488,204,0
3489,205,0
3490,206,0
3491,207,0
3492,208,0
3493,209,0
3494,210,0
3495,211,0
3496,212,0
3497,213,0
3498,214,0
3499,215,0
3500,216,0
3501,217,0
3502,218,0
3503,219,0
3504,220,0
3505,221,1
3506,222,0
3507,223,0
3508,224,0
3509,225,1
3510,226,1
3511,227,1
3512,228,0
3513,229,0
3514,230,1
3515,231,1
3516,232,0
3517,233,0
3518,234,0
3519,235,0
3520,236,0
3521,237,0
3522,238,0
3523,239,0
3524,240,0
3525,241,0
3526,242,0
3527,243,1
3528,244,1
3529,245,0
3530,246,1
3531,247,1
3532,248,1
3533,249,1
3534,250,0
3535,251,0
3536,252,0
3537,253,0
3538,254,1
3539,255,1
3540,256,0
3541,257,1
3542,258,1
3543,259,1
3544,260,1
3545,261,1
3546,262,0
3547,263,0
3548,264,0
3549,265,0
3550,266,0
3551,267,0
3552,268,0
3553,269,0
3554,270,0
3555,271,0
3556,272,0
3557,273,0
3558,274,0
3559,275,0
3560,276,0
3561,277,0
3562,278,1
3563,279,0
3564,280,0
3565,281,1
3566,282,0
3567,283,0
3568,284,0
3569,285,1
3570,286,0
3571,287,0
3572,288,1
3573,289,0
3574,290,0
3575,291,1
3576,292,0
3577,293,0
3578,294,1
3579,295,1
3580,296,1
3581,297,0
3582,298,1
3583,299,0
3584,300,0
3585,301,0
3586,302,1
3587,303,1
3588,304,1
3589,305,0
3590,306,0
3591,307,0
3592,308,0
3593,309,0
3594,310,0
3595,311,0
3596,312,0
3597,313,0
3598,314,0
3599,315,0
3600,316,0
3601,317,0
3602,318,0
3603,319,0
3604,320,0
3605,321,0
3606,322,1
3607,323,0
3608,324,0
3609,325,1
3610,326,1
3611,327,1
3612,328,0
3613,329,0
3614,330,0
3615,331,1
3616,332,0
3617,333,1
3618,334,1
3619,335,1
3620,336,1
3621,337,1
3622,338,1
3623,339,0
3624,340,0
3625,341,0
3626,342,0
3627,343,0
3628,344,0
3629,345,1
3630,346,1
3631,347,1
3632,348,0
3633,349,0
3634,350,0
3635,351,0
3636,352,0
3637,353,1
3638,354,0
3639,355,0
3640,356,1
3641,357,1
3642,358,1
3643,359,1
3644,360,1
3645,361,1
3646,362,1
3647,363,1
3648,364,1
3649,365,1
